Experiment,ExperimentNumber,Instrument,Type,Net Profit/Loss,Total Profit,Total Loss,Cumulated Profit %,Max Drawdown,Max Drawdown %,Max Drawdown Time,Return/Drawdown Ratio,Drawdown Days %,Max Drawdown Duration,CAGR,Sharpe Ratio,Sortino Ratio,UPI,Annualized Volatility,Information Ratio,Optimal f,Historical VaR 95% 1D,Historical CVaR 95% 1D,Theoretical VaR 95% 1D,Theoretical CVaR 95% 1D,All Trades #,Profitable Trades Ratio,Winning Trades #,Losing Trades #,Average Trade,Avg Profit Per Trade (bps),Average Winning Trade,Average Losing Trade,Average Profit per Share,Avg. Win/ Avg. Loss Ratio,Max Conseq. Winners,Max Conseq. Losers,Commission,Average Trade Holding Time,Currency,Portfolio,StrategyName,InitialCap,BetSize,InterestOnCash,StopLossPct,TakeProfitPct,exchange,instrumentsProportion,ReInvestMode,generateReports,FundCurrency,commission,maxOrderSize
638210059282555560,1,ETHBTC,All Trades,-0.907581190056936,13.6350739851917,-14.5426551752486,-0.353956664122205,-2.36395678313604,-0.599254777346865,4/18/2023 4:00:00 AM,-0.383924611706705,0.907534246575342,239,-0.177637970001193,-0.37983989914211,-0.525962594444448,-0.033393970843604,41.6684611910363,-0.37983989914211,-1.02310657780415,-0.107777028384158,-0.163193483347736,-0.110550075365209,-0.286457509055258,1162,0.465576592082616,541,621,-0.000781050938086864,-3.6064763583655,0.0252034639282656,-0.0234181242757626,-2.52141570349689E-05,1.07623751721015,11,13,1.00663247023006,18:51:10.2237521,BTC
638210059282555560,1,ETHBTC,Long Trades,-0.770660795840852,6.48613460135781,-7.25679539719866,-0.300557710377932,-2.34903622410178,-0.609390102095698,4/24/2023 4:00:00 AM,-0.328075313583356,0.914383561643836,239,-0.211013706115534,-0.466958671276461,-0.643131346164625,-0.0380422049437417,39.3548997619969,-0.466958671276461,-1.36242638006171,-0.111748995619899,-0.161878760450635,-0.104750115710953,-0.270890626360557,578,0.544982698961938,315,263,-0.00133332317619525,-5.79411939403913,0.020590903496374,-0.0275923779361166,-4.07081008588564E-05,0.746253314739571,12,8,0.73613236678165,18:28:01.6608996,BTC
638210059282555560,1,ETHBTC,Short Trades,-0.136920394216105,7.14893938383385,-7.28585977804995,-0.053398953744281,-2.48470314832661,-0.607440111907397,4/18/2023 4:00:00 AM,-0.0551053329281277,0.881849315068493,285,-0.172149652125539,-0.409058428418549,-0.551008730943146,-0.0332389063333013,37.6362602186809,-0.409058428418549,-1.21532721779606,-0.0951930170995629,-0.158908937353458,-0.0999607425169256,-0.258845850330392,584,0.386986301369863,226,358,-0.000234452729822098,-1.15402688145295,0.0316324751497073,-0.0203515636258379,-8.02415950910535E-06,1.55430195592183,8,14,0.270500103448413,19:14:04.5205479,BTC
638210059282555560,1,BNBBTC,All Trades,-2.55863447369846,16.8868777873537,-19.4455122610521,-0.997867444742401,-3.26168478557746,-1.09282858422815,3/7/2023 5:00:00 AM,-0.784451791605446,0.962328767123288,557,-0.935313779867174,-0.777142083345663,-1.03398649037995,-0.042469774527588,57.165358006808,-0.777142083345663,-2.86214398213278,-0.168839298324458,-0.246127230960203,-0.1539045337554,-0.395233614204229,1161,0.479758828596038,557,604,-0.00220381952945604,-9.09933921444016,0.0303175543758594,-0.0321945567235962,-1.05509321406944E-05,0.94169814593654,13,17,1.12267553925858,19:53:51.0077519,BTC
638210059282555560,1,BNBBTC,Long Trades,-0.90759659492101,9.72532351181415,-10.6329201067352,-0.353962672019194,-2.62269254981473,-0.875779758304168,3/7/2023 5:00:00 AM,-0.346055276279,0.962328767123288,552,-0.447260890246232,-0.600103740534596,-0.81444478115863,-0.0384100712144741,54.5998688028678,-0.600103740534595,-1.50029867461183,-0.157145252167852,-0.237698660353679,-0.146044265046187,-0.376542885019029,597,0.566164154103853,338,259,-0.00152026230305027,-5.87879654892741,0.0287731464846572,-0.04105374558585,-6.7968032803402E-06,0.700865318719529,12,14,0.824790049040705,20:27:38.2914572,BTC
638210059282555560,1,BNBBTC,Short Trades,-1.65103787877745,7.16155427553952,-8.81259215431697,-0.643904772723206,-2.84254563343782,-0.944612256456107,1/23/2023 5:00:00 AM,-0.580830738249454,0.962328767123288,558,-0.382879257829565,-0.587343746966935,-0.79693421529071,-0.0316781097152925,50.1663552555449,-0.587343746966936,-1.5213766303196,-0.131810570482331,-0.217856098962118,-0.134122331049924,-0.345904445348029,564,0.388297872340426,219,345,-0.00292737212549194,-13.0203638094181,0.0327011610755229,-0.0255437453748318,-1.51512639938996E-05,1.28020228027106,7,14,0.297885490217881,19:18:05.1063829,BTC
638210059282555560,1,SOLBTC,All Trades,-1.33797451963208,34.4222174681403,-35.7601919877724,-0.521810062656513,-7.0243383704236,-1.27731222694828,11/26/2022 5:00:00 AM,-0.190476945880869,0.931506849315068,496,-0.271358969170144,-0.172609919735677,-0.25404639996848,-0.0234723995515513,131.25419602069,-0.172609919735678,-0.157513502466054,-0.27105557277712,-0.494933413883347,-0.345546446101991,-0.899648712494709,1109,0.48692515779982,540,569,-0.00120646935945183,-4.28475358715728,0.0637448471632228,-0.0628474375883522,-6.17197508864001E-07,1.01427917524257,16,20,1.24903842328713,20:46:57.6735798,BTC
638210059282555560,1,SOLBTC,Long Trades,-1.83608238902852,16.0085102369527,-17.8445926259812,-0.716072131721124,-5.40567491778225,-1.09415696104151,11/27/2022 5:00:00 AM,-0.339658306678531,0.907534246575342,413,0.211722542771442,0.204778588423981,0.349020350643611,0.0288468706286364,117.258362780208,0.204778588423981,0.153985365810292,-0.228599869912531,-0.38922608262294,-0.304336207968874,-0.799353712474182,522,0.511494252873563,267,255,-0.00351739921269832,-11.6460285510864,0.0599569671795981,-0.0699787946116911,-1.69647293646357E-06,0.856787652778194,9,10,0.842203473032666,18:43:13.1034482,BTC
638210059282555560,1,SOLBTC,Short Trades,0.498107869396438,18.4137072311877,-17.9155993617912,0.194262069064611,-6.42829327678499,-1.20445848087428,1/8/2023 5:00:00 AM,0.077486799053692,0.919520547945205,496,-0.291297422734972,-0.218151137922568,-0.333420150599853,-0.0258539509244332,109.909124334103,-0.218151137922568,-0.241139938965208,-0.246205005730648,-0.411697594806653,-0.289845957725311,-0.753837942264725,587,0.465076660988075,273,314,0.000848565365240951,3.22177479193785,0.0674494770373174,-0.057056048922902,4.5886214793065E-07,1.1821617218616,13,12,0.406834950254459,22:37:00.1022146,BTC
638210059282555560,1,XRPBTC,All Trades,0.548773445283746,24.1739143314723,-23.6251408861885,0.214021643660661,-2.94689570128807,-0.500911937553842,4/23/2023 4:00:00 AM,0.186220857780573,0.88013698630137,88,0.0795307661308529,0.0964154466176747,0.129331227990499,0.0273354928810838,86.6014338792003,0.0964154466176739,0.106043731279557,-0.192426690144025,-0.369473335061643,-0.225693690862494,-0.59129000884809,1120,0.514285714285714,576,544,0.000489976290431917,1.79310738235727,0.0419686012699171,-0.0434285678054936,3.23558948084301E-09,0.966382346705161,16,13,1.22453889300116,20:01:30,BTC
638210059282555560,1,XRPBTC,Long Trades,-1.46148295827812,10.621132222029,-12.0826151803071,-0.569978353728465,-2.26656843734574,-0.408411129268337,4/21/2023 4:00:00 AM,-0.644799836703621,0.897260273972603,183,0.11633726394253,0.164126191914993,0.210359448918071,0.0449732696627623,76.0689140687253,0.164126191914993,0.201050155229837,-0.142816851954419,-0.31581651286254,-0.197736728065358,-0.518868996331047,520,0.563461538461538,293,227,-0.00281054415053484,-9.69383432845331,0.0362495980274026,-0.0532273796489298,-1.74937857676776E-08,0.681032924530438,19,9,0.829322567455479,17:32:53.0769230,BTC
638210059282555560,1,XRPBTC,Short Trades,2.01025640356186,13.5527821094433,-11.5425257058814,0.783999997389127,-2.57350081704815,-0.54862186161647,4/23/2023 4:00:00 AM,0.781136881808984,0.893835616438356,88,-0.0609799317882719,-0.076044461721011,-0.0986284119376536,-0.0172780183280158,77.1584352349882,-0.0760444617210112,-0.102428334481287,-0.167373500925505,-0.344998903501537,-0.202396408825782,-0.528128195932103,600,0.471666666666667,283,317,0.00335042733926977,12.9458530538335,0.0478896894326619,-0.0364117530153989,2.33581204869354E-08,1.31522614174629,10,11,0.395216325545685,22:10:18,BTC
638210059282555560,1,MATICBTC,All Trades,3.63895226808906,33.7913541782274,-30.1524019101383,1.41919138455473,-4.66181367145249,-0.820598017937845,7/16/2022 4:00:00 AM,0.780587240192135,0.916095890410959,390,0.484367997083386,0.59462292236756,0.917946444830896,0.110533205821093,106.942232914533,0.59462292236756,0.423522946491344,-0.207124695299246,-0.404486383519142,-0.273449864457493,-0.724916830296053,1143,0.47594050743657,544,599,0.00318368527391869,12.5439302703143,0.0621164598864474,-0.0503378996830356,4.5741250700246E-08,1.23398990179523,13,16,1.15954658650417,19:39:44.2519685,BTC
638210059282555560,1,MATICBTC,Long Trades,3.48999234204707,19.0830249278347,-15.5930325857877,1.36109701339836,-4.17649646257226,-0.805776006452623,7/16/2022 4:00:00 AM,0.835626792294136,0.943493150684932,469,0.358234151473377,0.446958191900859,0.686190936104948,0.0717291797443428,98.5334899416891,0.446958191900859,0.368976966016534,-0.169723631224645,-0.35748197645637,-0.253383724205044,-0.669352369380148,561,0.529411764705882,297,264,0.0062210202175527,23.3368612492401,0.0642526091846288,-0.0590645173704079,8.60798726478635E-08,1.08783770773382,9,8,0.811526799213165,19:32:43.6363636,BTC
638210059282555560,1,MATICBTC,Short Trades,0.148959926042034,14.7083292503927,-14.5593693243506,0.0580943711563932,-5.04536484815819,-0.975217816218592,7/16/2022 4:00:00 AM,0.029524113820314,0.928082191780822,534,0.195985230719867,0.202415259250574,0.312755247249541,0.0257427628136635,108.830374283533,0.202415259250574,0.165471460059801,-0.216359148721297,-0.409527527072288,-0.282487294762374,-0.741925231766442,582,0.424398625429553,247,335,0.000255944890106587,1.05984962829238,0.0595478917019946,-0.0434608039532855,3.8183590416672E-09,1.37015163746167,8,14,0.348019787291007,19:46:29.6907216,BTC
638210059282555560,1,ADABTC,All Trades,-4.91296075280894,21.2636347539728,-26.1765955067818,-1.91605469359548,-7.94080189997366,-1.48027825302194,4/14/2023 4:00:00 AM,-0.618698314691017,0.916095890410959,326,-1,-1.12839808704488,-1.5371194393341,-0.0764441237246018,76.6669077510776,-1.12839808704488,-1.70131255157657,-0.179317630625284,-0.315317218099137,-0.209063745956721,-0.532720502312891,1147,0.477768090671316,548,599,-0.00428331364673839,-17.9648705901831,0.0388022532006804,-0.0437004933335255,-3.72750288864568E-08,0.887913390463092,13,18,1.0931399920486,20:03:02.0401046,BTC
638210059282555560,1,ADABTC,Long Trades,-3.5735768464087,9.63531629948081,-13.2088931458895,-1.39369497009939,-6.48720652388783,-1.43733792251099,4/14/2023 4:00:00 AM,-0.550865281265476,0.921232876712329,326,-1,-1.10160949109156,-1.53205989843947,-0.0702436515333972,68.9462452649837,-1.10160949109156,-2.1036755533092,-0.161371257813063,-0.288756716319017,-0.187828048121509,-0.478891282050987,539,0.506493506493506,273,266,-0.00663001270205696,-26.7737845238186,0.0352941988991971,-0.0496574930296598,-5.5324722346712E-08,0.71075273329075,10,9,0.737907484585544,17:52:05.7884972,BTC
638210059282555560,1,ADABTC,Short Trades,-1.33938390640023,11.628318454492,-12.9677023608922,-0.522359723496089,-7.38755044640701,-1.60445812112083,4/13/2023 4:00:00 AM,-0.181302844036977,0.922945205479452,326,-1,-1.24331235839239,-1.62278466368561,-0.0745733086720485,72.4173709939326,-1.24331235839239,-1.90684104372266,-0.189052594427016,-0.31496902334872,-0.198296331605417,-0.504013258076972,608,0.452302631578947,275,333,-0.00220293405657932,-9.56682238352302,0.0422847943799709,-0.0389420491318085,-1.99282722725184E-08,1.08583896643056,13,23,0.355232507463055,21:59:06.7105263,BTC
638210059282555560,1,FTMBTC,All Trades,3.16295357590759,53.1072937432925,-49.9443401673849,1.23355189460396,-5.11722786842157,-1.46312559169601,5/8/2022 4:00:00 AM,0.618099028856265,0.914383561643836,144,0.430882128512307,0.296733468550941,0.4949133124996,0.0605474175442702,185.473521890343,0.296733468550941,0.125254876770569,-0.414877038110258,-0.648981787549276,-0.479702101591174,-1.26269648920738,1152,0.485243055555556,559,593,0.00274561942353089,9.01268009834377,0.0950041032974821,-0.0842231706026727,1.69461873051631E-08,1.12800435578077,12,11,1.40069480374546,18:57:23.7500000,BTC
638210059282555560,1,FTMBTC,Long Trades,-0.605247229718898,28.1199776950464,-28.7252249247653,-0.23604641959037,-6.11816320527836,-1.67308467601017,5/8/2022 4:00:00 AM,-0.0989262968985087,0.919520547945205,147,0.202044034099757,0.122601596149987,0.210691064183418,0.0233987375864377,185.875067696937,0.122601596149986,0.0584795136120579,-0.414960694947644,-0.642436436886423,-0.483932634847123,-1.26862218687133,566,0.501766784452297,284,282,-0.00106934139526307,-3.28325254249409,0.0990140059684731,-0.10186249973321,-6.10967957160429E-09,0.972035893756804,10,7,0.977495821793668,18:47:42.1908127,BTC
638210059282555560,1,FTMBTC,Short Trades,3.76820080562637,24.9873160482461,-21.2191152426197,1.46959831419428,-4.80285617316353,-1.55474489696191,3/6/2022 5:00:00 AM,0.784574984085842,0.916095890410959,212,0.495060777076141,0.353651855538433,0.643941828009439,0.0646205426050422,184.778991168898,0.353651855538433,0.144995103341488,-0.328968202403091,-0.613060145476164,-0.476868580850508,-1.25693093994116,586,0.469283276450512,275,311,0.00643037680141018,22.6181100883228,0.0908629674481676,-0.068228666374983,4.30242160992339E-08,1.33174180701096,14,8,0.423198981951796,19:06:45.4607508,BTC
638210059282555560,1,LTCBTC,All Trades,-0.862178597903231,22.5557980138128,-23.417976611716,-0.33624965318226,-2.19851511833358,-0.751127727125109,1/11/2022 5:00:00 AM,-0.39216405232489,0.957191780821918,559,-0.16531259722621,-0.221889309537277,-0.35068279739718,-0.0227262795355361,66.9358991081721,-0.221889309537277,-0.368967188028983,-0.151483308407293,-0.213326846056762,-0.176544140929364,-0.459120504377781,1166,0.451972555746141,527,639,-0.000739432759779786,-2.88517328706845,0.0428003757377851,-0.0366478507225602,-8.76228456248733E-07,1.16788228760814,12,18,1.19418954172783,19:16:31.0806174,BTC
638210059282555560,1,LTCBTC,Long Trades,0.290841847645217,11.9382103231871,-11.6473684755419,0.113428320581634,-1.43074515304208,-0.475117853256673,5/6/2022 4:00:00 AM,0.20327998108316,0.931506849315068,251,0.0302976790037741,0.0487173016739032,0.0831271958513258,0.00808477140359821,63.3677252685133,0.0487173016739034,0.0754524116082558,-0.143075774054035,-0.189782633424418,-0.1654419475583,-0.432954920491366,565,0.530973451327434,300,265,0.000514764332115428,1.86644768527739,0.0397940344106238,-0.0439523338699695,5.68324714986521E-07,0.905390701853335,11,10,0.838334279603744,18:50:32.9203539,BTC
638210059282555560,1,LTCBTC,Short Trades,-1.15302044554846,10.6175876906256,-11.7706081361741,-0.449677973763898,-2.12700845957959,-0.728015647031696,5/1/2022 4:00:00 AM,-0.5420855005797,0.957191780821918,559,-0.222903668201998,-0.309267646871629,-0.449947485895608,-0.0295065974361293,62.2559506504967,-0.309267646871628,-0.575116035805031,-0.152119624726658,-0.236616970402074,-0.164737198982896,-0.427556707979284,601,0.377703826955075,227,374,-0.00191850323718545,-8.06283353069478,0.0467735140556196,-0.0314722142678452,-2.44174019305842E-06,1.48618440563324,9,14,0.35585526212409,19:40:55.9068219,BTC
638210059282555560,1,DOGEBTC,All Trades,4.26931071594427,31.4908571719486,-27.2215464560044,1.66503117921827,-5.58718917419625,-0.492513704790058,11/27/2022 5:00:00 AM,0.764124962093921,0.857876712328767,197,0.544681819437412,0.584165012151517,0.963188692833085,0.209405519587703,126.176523110436,0.584165012151518,0.342125754083115,-0.228308498083635,-0.44798456945102,-0.322761820594678,-0.855428200342453,1099,0.525022747952684,577,522,0.00388472312642791,13.8908250238554,0.0545768755146424,-0.0521485564291272,4.84835845798001E-09,1.04656541334592,12,11,1.23049006725608,21:20:18.5623293,BTC
638210059282555560,1,DOGEBTC,Long Trades,2.0908968580838,16.3458917139057,-14.2549948558219,0.815449774652683,-5.35487560194053,-0.521331770844727,11/27/2022 5:00:00 AM,0.390466000242114,0.86472602739726,204,0.473489375384292,0.522128138342351,0.842000299263002,0.159166049352428,118.397657193639,0.52212813834235,0.337772291885508,-0.200383069577215,-0.439905818189104,-0.303587702354321,-0.803414848270797,518,0.513513513513513,266,252,0.0040364804210112,13.6641451329343,0.0614507207289687,-0.056567439904055,4.74216221747798E-09,1.08632670725768,10,8,0.827425910931904,19:32:46.7953667,BTC
638210059282555560,1,DOGEBTC,Short Trades,2.17841385786048,15.144965458043,-12.9665516001825,0.849581404565587,-4.50886786451304,-0.443700979753245,12/8/2022 5:00:00 AM,0.483139875312303,0.85958904109589,196,0.538013709270921,0.620163726875078,1.00384925888592,0.227336172278426,117.008812596048,0.620163726875077,0.392967105417953,-0.191784222679978,-0.4141301181529,-0.298895250768779,-0.792859255067513,581,0.535283993115318,311,270,0.00374942144210065,14.1155863946756,0.0486976381287556,-0.0480242651858612,4.95486011211383E-09,1.01402151475485,11,10,0.403064156324169,22:56:10.7401032,BTC
638210059282555560,1,DOTBTC,All Trades,4.19613812028843,25.8347272201648,-21.6385890998763,1.63649386691249,-2.4585170198355,-0.273054497307062,4/21/2023 4:00:00 AM,1.70677611195435,0.85958904109589,318,0.541954143015493,1.00847610038472,1.50509112170201,0.317868898494207,72.6239204890276,1.00847610038472,1.02755046661167,-0.157187332149197,-0.268396243182005,-0.182734329818806,-0.489323224934596,1117,0.510295434198747,570,547,0.00375661425272017,15.8184672712607,0.0453240828423943,-0.0395586638023333,5.82496896058898E-07,1.14574352331185,19,9,1.06092524941296,19:34:58.1199641,BTC
638210059282555560,1,DOTBTC,Long Trades,0.549483267928972,11.2170947327996,-10.6676114648707,0.214298474492299,-2.54244888875754,-0.268502321587312,4/21/2023 4:00:00 AM,0.216123624100659,0.839041095890411,317,0.575351215768675,1.21734755905111,1.94388100476677,0.319915759090786,64.9328770403809,1.21734755905111,1.36459489793745,-0.134362973739502,-0.234156333664478,-0.162044798908245,-0.43616521122484,524,0.583969465648855,306,218,0.00104863219070414,4.20084391722672,0.0366571723294105,-0.0489339975452782,1.54458248517049E-07,0.749114606782165,16,10,0.727978144493588,18:09:43.9694656,BTC
638210059282555560,1,DOTBTC,Short Trades,3.6466548523595,14.6176324873652,-10.9709776350057,1.42219539242021,-2.47314877520594,-0.306936161571068,4/21/2023 4:00:00 AM,1.47449878022637,0.852739726027397,318,0.438141163350497,0.833832722597231,1.23145002541634,0.215991973072981,67.3687144111267,0.833832722597231,0.965378310988464,-0.157180619392447,-0.257993061983766,-0.170671629188058,-0.455075164243689,593,0.445193929173693,264,329,0.00614950228053879,27.11968311556,0.0553698200278984,-0.0333464365805644,1.00011881920871E-06,1.66044188542083,9,12,0.332947104919367,20:50:17.2006745,BTC
638210059282555560,1,LINKBTC,All Trades,-3.13128678163395,27.8172914644724,-30.9485782461063,-1.22120184483724,-5.56223509665387,-1.23716894072896,12/11/2022 5:00:00 AM,-0.562954770379567,0.946917808219178,309,-1,-0.591611515563366,-0.801702373820686,-0.0454662906557945,92.1137751176795,-0.591611515563367,-1.1785576659971,-0.237734970001585,-0.376305354094162,-0.246309684847971,-0.635176883810887,1160,0.474137931034483,550,610,-0.00269938515658099,-10.6341568678301,0.050576893571768,-0.0507353741739448,-3.74963154935559E-07,0.996876329291798,11,10,1.17743153138619,20:25:45.5172413,BTC
638210059282555560,1,LINKBTC,Long Trades,-2.00137739948393,12.5442946186328,-14.5456720181167,-0.780537185798731,-5.30880986522294,-0.891863876278757,12/28/2022 5:00:00 AM,-0.376991727014861,0.904109589041096,312,-0.370736443359705,-0.363095261072276,-0.506423167436641,-0.0360552394890469,79.2941100375233,-0.363095261072276,-0.589635225584697,-0.20380726423353,-0.31981944343717,-0.210243273725868,-0.54499101829671,534,0.51310861423221,274,260,-0.00374789775184256,-13.3478651644019,0.0457820971482948,-0.0559448923773719,-4.70428745696214E-07,0.818342751282373,11,18,0.813244312247265,18:52:14.8314606,BTC
638210059282555560,1,LINKBTC,Short Trades,-1.12990938214998,15.2729968458396,-16.4029062279896,-0.440664659038493,-4.90985399272399,-1.37821602059682,12/13/2022 5:00:00 AM,-0.230130953756348,0.946917808219178,309,-1,-0.709220799482544,-0.959694107331565,-0.0450076747504345,82.7468543769783,-0.709220799482544,-1.46048470748216,-0.201313017974048,-0.354474779939453,-0.222222541495713,-0.571546379797418,626,0.440894568690096,276,350,-0.00180496706413735,-7.8185932335701,0.0553369450936218,-0.0468654463656846,-2.75819763484938E-07,1.1807621474857,10,20,0.364187219138928,21:45:31.6293929,BTC
638210059282555560,1,AXSBTC,All Trades,0.651136474377729,39.7651052480926,-39.1139687737148,0.253943225007314,-4.50976659009992,-0.796602197265049,7/23/2022 4:00:00 AM,0.144383630808552,0.934931506849315,248,0.101261601025951,0.0771175306591992,0.103710702363596,0.0132411520626491,139.660439102773,0.0771175306591992,0.0519156126361263,-0.269529293451703,-0.60631663238974,-0.364237596694424,-0.953827630220284,1087,0.496780128794848,540,547,0.000599021595563688,2.08933152489628,0.073639083792764,-0.0715063414510326,1.41486372170982E-07,1.02982591891087,14,12,1.24697254708943,21:02:05.8509659,BTC
638210059282555560,1,AXSBTC,Long Trades,-2.31623850295796,17.713457163167,-20.029695666125,-0.903333016153605,-3.75855368166926,-0.648039129288414,6/29/2022 4:00:00 AM,-0.616257927684904,0.943493150684932,419,0.0648898651304826,0.0544442817458121,0.0744133269758095,0.0100046742835637,124.030019867943,0.0544442817458119,0.0421816190300536,-0.2554297794331,-0.535530586083324,-0.323750442062465,-0.847355151040513,521,0.481765834932821,251,270,-0.00444575528398841,-14.825936215193,0.0705715424827372,-0.0741840580226852,-1.01717416508137E-06,0.951303344192316,10,9,0.842675487786319,19:58:23.2629558,BTC
638210059282555560,1,AXSBTC,Short Trades,2.96737497733574,22.0516480849255,-19.0842731075898,1.15727624116094,-4.0555684283375,-0.724428072704974,7/23/2022 4:00:00 AM,0.731679178830218,0.933219178082192,182,0.108446144361644,0.0923674420740728,0.123964925224626,0.015219964175081,125.409774415676,0.092367442074073,0.0689527104803529,-0.260125899643448,-0.561451686076455,-0.326882931296523,-0.856312407368829,566,0.510600706713781,289,277,0.00524271197409141,19.0926920246483,0.0763032805706765,-0.0688962928071833,1.27629923824392E-06,1.10750923542755,10,11,0.404297059303115,22:00:44.5229681,BTC
638210059282555560,1,AVAXBTC,All Trades,1.10559220962087,35.8264767917561,-34.7208845821352,0.431180961752138,-7.80328537865287,-0.793297705793186,1/19/2023 5:00:00 AM,0.141682913794924,0.929794520547945,505,0.177528468020253,0.17050625446929,0.255179651767584,0.0250006815318787,115.79786767193,0.170506254469291,0.132393566254577,-0.267936947644249,-0.412005930113617,-0.300936977874319,-0.789788861210271,1134,0.468253968253968,531,603,0.000974949038466372,3.62888354004772,0.067469824466584,-0.0575802397713685,3.91415696686838E-07,1.17175310027335,13,14,1.21792294589808,20:30:53.9682539,BTC
638210059282555560,1,AVAXBTC,Long Trades,-0.32609222697857,17.3584009755793,-17.6844932025579,-0.127175968521642,-6.59511898602939,-0.762870005726631,1/19/2023 5:00:00 AM,-0.0494444797234652,0.928082191780822,505,0.180356484018361,0.189387053718213,0.287280326273714,0.0266543846529856,106.086739729231,0.189387053718213,0.160254249510603,-0.2096445672988,-0.392378227441031,-0.275502039755934,-0.723357458480338,549,0.491803278688525,270,279,-0.000593974912529272,-2.13419032125708,0.0642903739836271,-0.0633852802959064,-2.33236086313321E-07,1.01427924091359,16,12,0.823286393888973,18:39:00.9836065,BTC
638210059282555560,1,AVAXBTC,Short Trades,1.43168443659945,18.4680758161767,-17.0363913795773,0.558356930273787,-5.17650919965826,-0.736996292119845,1/19/2023 5:00:00 AM,0.276573339557471,0.940068493150685,501,0.119706607220562,0.127813148394919,0.195513401236059,0.0191951255678432,100.710211219346,0.127813148394919,0.11802421169362,-0.250423427431104,-0.361366477618761,-0.262151010331786,-0.687308894630833,585,0.446153846153846,261,324,0.00244732382324693,9.42702619428732,0.070758911173091,-0.0525814548752386,1.00365003968793E-06,1.34570090045973,10,13,0.394636552009111,22:15:53.8461538,BTC
638210059282555560,1,SANDBTC,All Trades,11.758596996655,50.2231780675108,-38.4645810708559,4.58585282869543,-4.74221518489615,-0.253805059242128,3/17/2023 4:00:00 AM,2.47955787289152,0.933219178082192,333,1.14812315934607,0.864817121525842,1.71750366617532,0.942338355931338,235.262875417867,0.864817121525841,0.207434828174503,-0.292603231427802,-0.621664096480521,-0.59529513554994,-1.58848008825468,1143,0.461067366579178,527,616,0.0102874864362686,38.9065970743832,0.0953001481356942,-0.0624425017384024,1.62693435918271E-07,1.52620643764316,18,14,1.2114992313025,20:26:21.1023622,BTC
638210059282555560,1,SANDBTC,Long Trades,9.39888141223567,28.5438536158896,-19.1449722036539,3.66556375077191,-4.1731752491163,-0.247247798704619,3/20/2023 4:00:00 AM,2.2522134468774,0.921232876712329,334,1.05321010446237,0.856510706695192,2.12608696040888,0.897736781549323,209.598999820228,0.856510706695191,0.239737849460557,-0.249608165729203,-0.46396422753214,-0.530528494639381,-1.41537091762544,534,0.453183520599251,242,292,0.0176009015210406,62.7891994761869,0.117949808330122,-0.0655649733001846,2.63802553026317E-07,1.79897592255696,10,14,0.819788781188669,18:59:06.0674157,BTC
638210059282555560,1,SANDBTC,Short Trades,2.35971558441939,21.6793244516213,-19.3196088672019,0.920289077923561,-3.76406845691603,-0.284941478034825,3/17/2023 4:00:00 AM,0.62690559734207,0.912671232876712,343,0.820127092543588,0.697949366059186,1.18932942517227,0.512198217997134,181.098968498994,0.697949366059186,0.250062866660715,-0.253222411250583,-0.51546356581721,-0.461222253441957,-1.22574904137686,609,0.467980295566502,285,324,0.00387473823385778,15.4698074892352,0.0760678050934081,-0.0596284224296355,6.43920102331288E-08,1.27569709198951,16,12,0.391710450113829,21:42:51.4285714,BTC
638210059282555560,1,ETCBTC,All Trades,-5.57720916077289,25.4932886122332,-31.0704977730061,-2.17511157270143,-7.03278346778489,-2.35991466639345,7/25/2022 4:00:00 AM,-0.793030126168457,0.958904109589041,560,-1,-0.871866298042886,-1.21584880734861,-0.0414559896837382,111.599878302061,-0.871866298042885,-0.802920521455769,-0.281366964445913,-0.463347313104074,-0.301499442920994,-0.772629108646696,1135,0.472246696035242,536,599,-0.00491384067028449,-19.2820191922469,0.047562105619838,-0.0518706139783073,-1.79215353707353E-06,0.916937394258122,16,15,1.15609194283166,19:49:25.6387665,BTC
638210059282555560,1,ETCBTC,Long Trades,-4.05783653172601,12.6618504931774,-16.7196870249034,-1.58255624737314,-5.96254987154609,-2.05820718145521,7/25/2022 4:00:00 AM,-0.680553893744424,0.958904109589041,560,-1,-0.631902655580293,-0.902105073850303,-0.0375718578320833,106.616668599991,-0.631902655580292,-0.879730772423777,-0.215382913706343,-0.425242900626333,-0.285513660318362,-0.735606224956708,539,0.473098330241187,255,284,-0.00752845367667163,-27.2126630421728,0.0496543156595192,-0.0588721374116317,-2.50476782311596E-06,0.843426412605646,11,15,0.810395263176088,18:54:26.0482374,BTC
638210059282555560,1,ETCBTC,Short Trades,-1.51937262904685,12.8314381190558,-14.3508107481027,-0.592555325328272,-6.77360552305639,-2.27142025304324,4/23/2023 4:00:00 AM,-0.224307811235113,0.958904109589041,560,-1,-1.19340423545831,-1.53587347846404,-0.0434698909505377,91.0919409155564,-1.19340423545831,-1.20514717881437,-0.264869347814669,-0.412338453183595,-0.248983488919273,-0.633536916098583,596,0.471476510067114,281,315,-0.00254928293464237,-10.8427253434177,0.0456634808507324,-0.0455581293590561,-1.01836654790186E-06,1.0023124630699,10,12,0.345696679655571,20:39:09.6644295,BTC
638210059282555560,1,FETBTC,All Trades,7.04682198415908,59.8275913315099,-52.7807693473509,2.74826057382204,-6.95354741653914,-1.56104755604281,8/18/2022 4:00:00 AM,1.01341395435056,0.904109589041096,398,0.792929597584561,0.642518634824628,0.973235131217714,0.109972786101948,187.877259761611,0.642518634824628,0.224639536562782,-0.403699364748745,-0.713184971529703,-0.479512222035196,-1.27265422125289,1100,0.482727272727273,531,569,0.00640620180378098,19.1811432554339,0.112669663524501,-0.0927605788178398,1.26638060900407E-08,1.21462872440412,14,10,1.47123478377998,21:49:41.4545454,BTC
638210059282555560,1,FETBTC,Long Trades,3.88732605077939,28.8960946817492,-25.0087686309698,1.51605715980396,-7.57778310526749,-2.10877105068754,8/18/2022 4:00:00 AM,0.512989880652195,0.910958904109589,400,0.62349952645467,0.546548615577016,0.826831504014634,0.0618797758533594,160.444486331309,0.546548615577016,0.242206912514062,-0.375656582130474,-0.604700165330156,-0.411015089754759,-1.0883469861947,527,0.461100569259962,243,284,0.00737633026713357,21.2191200807733,0.118913969883741,-0.0880590444752457,1.4075895516251E-08,1.35038905534762,9,14,0.965392058174912,19:45:46.1100569,BTC
638210059282555560,1,FETBTC,Short Trades,3.15949593337967,30.9314966497608,-27.7720007163811,1.23220341401807,-4.2903479197842,-0.86964982230255,8/16/2022 4:00:00 AM,0.736419514792775,0.905821917808219,211,0.811745055870313,0.75190050412519,1.13025315227426,0.198979073692416,165.759970766154,0.75190050412519,0.295433901080592,-0.395040718020791,-0.647617350656626,-0.421274998142268,-1.12104672554852,573,0.50261780104712,288,285,0.00551395450851601,17.1540584252152,0.107401030033892,-0.0974456165487056,1.12724518281211E-08,1.10216378979151,8,10,0.505842725605064,23:43:39.8952879,BTC
638210059282555560,1,ATOMBTC,All Trades,5.08689644721048,42.6437086288846,-37.5568121816741,1.98388961441209,-3.19573401467277,-0.524500381749108,7/15/2022 4:00:00 AM,1.59177717039488,0.905821917808219,222,0.634448769854664,0.669306170517605,1.01841153279905,0.243166139008221,134.022286450204,0.669306170517606,0.35321774533475,-0.269205514313635,-0.490581407115719,-0.341706097949033,-0.907494125460822,1165,0.475536480686695,554,611,0.00436643471863561,14.8716443807915,0.0769742033012357,-0.0614677777114143,8.05696250719791E-07,1.25226917528437,13,12,1.36830461954848,19:51:02.3175965,BTC
638210059282555560,1,ATOMBTC,Long Trades,5.04453158237052,24.7019955966208,-19.6574640142503,1.9673673171245,-2.40510846847837,-0.19126849789702,12/23/2022 5:00:00 AM,2.09742373306017,0.868150684931507,221,0.934308424722071,1.31560986055321,2.32746452932993,0.765724610246749,115.100754260211,1.31560986055321,0.705235110507408,-0.220776845085413,-0.365709856514025,-0.286127057303998,-0.772036009037933,580,0.48448275862069,281,299,0.00869746824546642,29.0500334205343,0.0879074576392199,-0.0657440268035126,1.5819993844963E-06,1.33711702664558,12,11,0.929629880668537,19:02:28.9655172,BTC
638210059282555560,1,ATOMBTC,Short Trades,0.0423648648399606,17.9417130322639,-17.8993481674239,0.0165222972875846,-2.82333512347208,-0.518980994999574,7/16/2022 4:00:00 AM,0.0150052554823393,0.914383561643836,221,0.334940930362807,0.360464686079773,0.505499591225596,0.09645677730545,112.813609681686,0.360464686079773,0.263175363407136,-0.245677117222111,-0.452171501498844,-0.291068048076233,-0.767321598055786,585,0.466666666666667,273,312,7.2418572376001E-05,0.251567414530824,0.0657205605577431,-0.0573697056648202,1.35569351766858E-08,1.14556210104532,11,10,0.438674738879948,20:39:10.7692307,BTC
638210059282555560,1,DYDXBTC,All Trades,-2.39085417936322,58.0675401838463,-60.4583943632096,-0.932433129951657,-9.12687246010327,-1.46729436540325,11/8/2022 5:00:00 AM,-0.261957662914046,0.945205479452055,520,-0.736590576776912,-0.222527709291265,-0.334013746427359,-0.0304499220530467,190.071459114086,-0.222527709291265,-0.203888317141189,-0.487438755398327,-0.668983708974856,-0.501327447727708,-1.30373247145041,1137,0.488126649076517,555,582,-0.00210277412433001,-6.2535109563768,0.104626198529453,-0.103880402685927,-6.26206169255581E-08,1.00717936997011,12,13,1.52911524508142,19:54:18.0474934,BTC
638210059282555560,1,DYDXBTC,Long Trades,-2.48160474727454,29.6225588380558,-32.1041635853304,-0.96782585143707,-7.40820255679862,-1.26199859320471,11/8/2022 5:00:00 AM,-0.334980682324504,0.945205479452055,520,-0.298204562172836,-0.132276666362496,-0.199892327092718,-0.0211332700861348,184.641811180644,-0.132276666362496,-0.0874690037874464,-0.458775230365887,-0.689418689758368,-0.485362948160625,-1.26484618868059,539,0.487940630797774,263,276,-0.0046040904402125,-12.9806755830699,0.112633303566752,-0.116319433280182,-1.29477281409714E-07,0.968310284795221,12,11,1.01415711024524,18:58:13.1354359,BTC
638210059282555560,1,DYDXBTC,Short Trades,0.0907505679113214,28.4449813457906,-28.3542307778792,0.0353927214854153,-10.4173455477058,-1.86950233497853,2/12/2023 5:00:00 AM,0.00871148676942055,0.946917808219178,520,-1,-0.546445693019656,-0.762879046540215,-0.0540601307232866,169.938143603175,-0.546445693019656,-0.346272705776193,-0.414520083076396,-0.683554838928689,-0.453652949498921,-1.17106323710791,598,0.488294314381271,292,306,0.000151756802527293,0.474773328561037,0.0974143196773649,-0.0926608848950302,4.77291646439333E-09,1.05129925952811,9,14,0.514958134836185,20:44:50.9698996,BTC
638210059282555560,1,RVNBTC,All Trades,9.74878207257364,40.0447140415094,-30.2959319689358,3.80202500830372,-4.98511721870062,-0.390589108443234,9/27/2022 4:00:00 AM,1.95557730036982,0.883561643835616,224,1.01380555907651,1.30973472272262,2.09123528962868,0.524417979136573,129.78285525866,1.30973472272262,0.601894007169596,-0.261551479555257,-0.489907625695156,-0.322700245296624,-0.870591104545083,1003,0.511465603190429,513,490,0.00971962320296475,33.1968503850316,0.0780598714259443,-0.0618284325896649,4.69337231604604E-09,1.26252386089103,12,13,1.17548525201878,22:40:40.6779661,BTC
638210059282555560,1,RVNBTC,Long Trades,1.41405946431687,18.1804104478222,-16.7663509835053,0.551483191083581,-4.54621825330067,-0.433812771546624,10/19/2022 4:00:00 AM,0.311040822400075,0.916095890410959,277,0.832842164399681,1.14805390241742,1.69959031058676,0.331798779363382,112.443770035974,1.14805390241742,0.658706437145872,-0.210673990673729,-0.452142038196969,-0.281380153925691,-0.756072390117921,470,0.508510638297872,239,231,0.00300863715812101,9.81332054395947,0.0760686629615992,-0.0725816059892006,1.39021090359335E-09,1.04804326006395,15,15,0.787939306277599,22:53:14.0425531,BTC
638210059282555560,1,RVNBTC,Short Trades,8.33472260825684,21.8643035936873,-13.5295809854304,3.25054181722017,-5.01868194401759,-0.423168895203766,10/9/2022 4:00:00 AM,1.66073935372455,0.86472602739726,223,0.951529977556482,1.25264802363528,1.91756688912689,0.472084373857285,124.031656512201,1.25264802363528,0.61852518398224,-0.225773576740178,-0.461553500174394,-0.309098383264933,-0.8327100014948,533,0.514071294559099,274,259,0.015637378251889,55.7245788444201,0.0797967284441141,-0.0522377644225113,7.86306911849905E-09,1.52756783002235,12,13,0.387545945741179,22:29:36.3602251,BTC
638210059282555560,1,ALGOBTC,All Trades,1.44169227168103,31.3510634745364,-29.9093712028553,0.562259985955604,-2.89555460061852,-0.891955490681918,11/17/2021 5:00:00 AM,0.497898492873551,0.909246575342466,311,0.231602534742948,0.270764530961917,0.401778108404232,0.0435008401866442,98.1050409226973,0.270764530961917,0.24063603422109,-0.217290672930952,-0.346044737479975,-0.253986629511409,-0.66814653576879,1128,0.511524822695035,577,551,0.00127809598553283,4.76384554705001,0.0543345987426974,-0.0542819804044562,7.25088133925737E-09,1.00096935185211,14,15,1.20787817712804,20:02:23.6170212,BTC
638210059282555560,1,ALGOBTC,Long Trades,-2.31396579861711,13.7963673557707,-16.1103331543878,-0.902446661460671,-2.72497281324489,-0.875761890437713,11/18/2021 5:00:00 AM,-0.84917023295423,0.892123287671233,146,0.270103049268483,0.347576595619321,0.52858881949485,0.0644566391319312,91.0649682499784,0.34757659561932,0.325706785260958,-0.194561227889284,-0.325173062196755,-0.235070575565876,-0.619510135032148,535,0.521495327102804,279,256,-0.00432516971704132,-15.1862656972871,0.0494493453611854,-0.0629309888843275,-2.28932061227398E-08,0.785770988790237,13,13,0.821983249386575,18:20:51.5887850,BTC
638210059282555560,1,ALGOBTC,Short Trades,3.7556580702981,17.5546961187656,-13.7990380484675,1.46470664741626,-2.76167280902751,-0.839920447575041,12/4/2021 5:00:00 AM,1.35992144254793,0.888698630136986,302,0.359729316784177,0.496027008125166,0.747352047133753,0.0956443933385368,89.2279568795805,0.496027008125165,0.451828826630244,-0.19690195490062,-0.328577622033718,-0.229022301427567,-0.605706739956096,593,0.502529510961214,298,295,0.00633331883692765,24.9944361957656,0.0589083762374685,-0.0467764001642967,3.84197151502217E-08,1.25936104596676,14,11,0.385894927741462,21:33:59.7976391,BTC
638210059282555560,1,ZILBTC,All Trades,-2.76292185022402,37.6574137240197,-40.4203355742437,-1.07753952158737,-10.8973947509777,-2.47167458065666,6/9/2022 4:00:00 AM,-0.253539668274947,0.943493150684932,412,-1,-0.283275021364666,-0.33779255807465,-0.0206444799349202,167.149760211812,-0.283275021364666,-0.35792207473371,-0.292234070977306,-0.794109783218871,-0.441871152313431,-1.1475100101048,1084,0.494464944649447,536,548,-0.00254882089504061,-9.29447909650267,0.0702563688880964,-0.0737597364493498,-1.36697626552648E-09,0.952502981573705,16,12,1.18727959555527,21:06:25.2398523,BTC
638210059282555560,1,ZILBTC,Long Trades,-2.58027900310876,17.0581286467354,-19.6384076498442,-1.00630881121241,-7.94145887399152,-1.89744213640547,6/11/2022 4:00:00 AM,-0.324912468105732,0.948630136986301,403,-0.129565896967805,-0.0786454569319294,-0.0954829057630548,-0.00765714006136053,151.591908818697,-0.0786454569319298,-0.0563817644481136,-0.280458382584254,-0.694690426108716,-0.39768378056494,-1.03764366596165,506,0.509881422924901,258,248,-0.00509936561879201,-17.3318921349045,0.0661167777005249,-0.0791871276203394,-2.53612036653832E-09,0.834943502655129,12,10,0.808946282249113,19:01:11.1462450,BTC
638210059282555560,1,ZILBTC,Short Trades,-0.182642847115293,20.5992850772842,-20.7819279243995,-0.0712307103749643,-8.46666048380611,-1.8453274939797,6/3/2022 4:00:00 AM,-0.0215720055699207,0.929794520547945,404,-0.132518597113703,-0.0822499259837594,-0.0998951812084631,-0.00736920646605048,147.962110093447,-0.0822499259837592,-0.0605307140775201,-0.280011187356512,-0.697785109556524,-0.388214020985633,-1.0128503604601,578,0.480968858131488,278,300,-0.000315991084974555,-1.23082812631223,0.0740981477600152,-0.0692730930813318,-1.81954988689302E-10,1.06965265248108,14,13,0.378333313306162,22:56:03.3217993,BTC
638210059282555560,1,WAVESBTC,All Trades,-4.42898726357127,51.6614164281703,-56.0904036917415,-1.7273050327928,-9.57699156997778,-2.31514583762285,3/22/2022 4:00:00 AM,-0.462461226075983,0.945205479452055,470,-1,-0.353176741978972,-0.520170383848622,-0.0459403204436134,219.960803771019,-0.353176741978973,-0.206685211695238,-0.488181801532706,-0.885328003251164,-0.582996881138941,-1.51158266035375,1116,0.5,558,558,-0.003968626580261,-13.0360150948123,0.0925831835630291,-0.100520436723551,-2.51328448360837E-07,0.921038413488485,16,13,1.35838622809223,21:23:45.8064516,BTC
638210059282555560,1,WAVESBTC,Long Trades,-3.6155593193813,24.9804286097723,-28.5959879291536,-1.41006813455871,-7.8970985521162,-1.88392332080211,3/22/2022 4:00:00 AM,-0.45783388614448,0.940068493150685,469,-1,-0.287571081910707,-0.446482264914378,-0.0437568890357845,203.627409530758,-0.287571081910707,-0.241172356698479,-0.389968894926927,-0.790363173656637,-0.538388438502523,-1.39802121628347,492,0.481707317073171,237,255,-0.00734869780362054,-21.6325266454758,0.105402652361908,-0.112141129133936,-4.11220532845583E-07,0.939910746181455,9,9,0.900018120608932,18:20:58.5365853,BTC
638210059282555560,1,WAVESBTC,Short Trades,-0.813427944189979,26.680987818398,-27.494415762588,-0.317236898234092,-10.0066292883091,-2.58060121121355,3/21/2022 4:00:00 AM,-0.0812889056598029,0.941780821917808,533,-1,-0.585340241519287,-0.756018858307786,-0.0438217082137891,179.983207195662,-0.585340241519286,-0.308699571860822,-0.427806187569941,-0.843280516393967,-0.481158799890669,-1.24097529371176,624,0.514423076923077,321,303,-0.00130357042338138,-4.71238915529148,0.0831183421133895,-0.0907406460811485,-9.21204842906534E-08,0.915999011502051,16,12,0.458368107483296,23:47:53.0769230,BTC
638210059282555560,1,CRVBTC,All Trades,-3.47244551192021,47.3383012409383,-50.8107467528585,-1.35425374964888,-6.8209367083933,-2.33543396502433,11/22/2022 5:00:00 AM,-0.509086311803377,0.958904109589041,450,-1,-0.351534778280775,-0.506081833415715,-0.0272357446080181,169.805261635295,-0.351534778280774,-0.346814872751848,-0.390582167841909,-0.669780638307395,-0.450034224709397,-1.16688353825587,1131,0.487179487179487,551,580,-0.00307024360028312,-9.97897305267844,0.0859134323791983,-0.0876047357807904,-5.0378595019141E-08,0.980693927257263,14,13,1.38984396943549,22:10:17.5066312,BTC
638210059282555560,1,CRVBTC,Long Trades,1.31827845762648,26.1432853748027,-24.8250069171762,0.514128598474326,-5.20570321351189,-1.90849484970461,5/19/2022 4:00:00 AM,0.253237344419628,0.958904109589041,450,-0.480982798875686,-0.241518414279359,-0.360326320009668,-0.0216416745162417,142.082348889744,-0.241518414279359,-0.238258985814471,-0.343975365343247,-0.535322675031424,-0.375018740296842,-0.974833099921564,548,0.492700729927007,270,278,0.00240561762340598,7.41922318917405,0.0968269828696397,-0.0892985860330081,3.81141737337536E-08,1.08430589073212,12,12,0.931941644672361,20:17:17.9562043,BTC
638210059282555560,1,CRVBTC,Short Trades,-4.79072396954671,21.1950158661355,-25.9857398356822,-1.86838234812322,-7.29984572223429,-2.70394025247677,11/22/2022 5:00:00 AM,-0.656277427200256,0.964041095890411,562,-1,-0.50407640860852,-0.704280585709536,-0.02862702241995,144.50647154578,-0.504076408608521,-0.478878573986926,-0.343184982101728,-0.595175082821459,-0.385158830501796,-0.995206858065879,583,0.481989708404803,281,302,-0.00821736529939402,-28.132395022549,0.075427102726461,-0.0860454961446432,-1.39511061223025E-07,0.876595593099578,12,11,0.457902324763133,23:56:30.0514579,BTC
638210059282555560,1,HBARBTC,All Trades,1.31213659844377,29.0409578342988,-27.728821235855,0.51173327339307,-3.02499045639044,-0.527703936561661,2/20/2023 5:00:00 AM,0.433765533266994,0.905821917808219,347,0.201996851329227,0.285756540223069,0.410820268005303,0.0430837777460352,79.7274691087388,0.285756540223069,0.317781524344769,-0.212902973038415,-0.29217995415515,-0.20629059036218,-0.542867802110471,1123,0.475512021371327,534,589,0.00116842083565785,4.40849142555495,0.0543838161690988,-0.0470777949674958,1.55215471930605E-09,1.15519038660684,14,12,1.19105447786901,20:02:49.9020480,BTC
638210059282555560,1,HBARBTC,Long Trades,-1.0263242115853,12.1572246653506,-13.1835488769359,-0.400266442518269,-2.22103228288689,-0.464975956574019,11/10/2022 5:00:00 AM,-0.462093333578786,0.919520547945205,347,0.175275305267468,0.25987533490942,0.371695742070685,0.0435591819231218,74.9143179346597,0.25987533490942,0.312313726688018,-0.203931063258919,-0.298809402085478,-0.194028027763746,-0.510286056926609,532,0.492481203007519,262,270,-0.00192918084884456,-7.01170085260486,0.0464016208601167,-0.0488279588034663,-2.46811890096229E-09,0.950308429784755,12,8,0.797234586412289,18:17:42.4060150,BTC
638210059282555560,1,HBARBTC,Short Trades,2.33846081002908,16.8837331689482,-14.5452723589191,0.911999715911341,-2.91408477348327,-0.549892665985525,12/5/2022 5:00:00 AM,0.802468353463123,0.924657534246575,335,0.244690469417862,0.355921925336561,0.535362645681975,0.0544558530621277,79.431280604677,0.355921925336561,0.387823324908903,-0.203744908678998,-0.292450102581871,-0.204974580633142,-0.540301404002579,591,0.460236886632826,272,319,0.00395678648059066,15.4593253726403,0.0620725484152507,-0.0455964650749816,5.44420627221665E-09,1.36134562872747,9,12,0.39381989145672,21:37:27.7157360,BTC
638210059282555560,1,XLMBTC,All Trades,2.05773473945154,23.0658229425158,-21.0080882030643,0.802516548386102,-2.32692902773508,-0.521708832880889,6/17/2022 4:00:00 AM,0.884313494277237,0.946917808219178,485,0.30452574278229,0.462502011920803,0.687258896084198,0.0857597079997942,78.6323191477736,0.462502011920803,0.492517698838248,-0.169008548399873,-0.290285763180867,-0.202086345820994,-0.534040276228131,1133,0.496028243601059,562,571,0.00181618247083102,7.07276206667343,0.0410423895774303,-0.0367917481664873,3.43929282857719E-09,1.1155324664571,12,11,1.16319589729971,19:36:16.5225066,BTC
638210059282555560,1,XLMBTC,Long Trades,-0.552154190906448,11.0988669901318,-11.6510211810383,-0.215340134453515,-2.20191782765603,-0.549453669528725,7/11/2022 4:00:00 AM,-0.250760579696211,0.952054794520548,490,0.172721853657908,0.267791053327298,0.403754627914604,0.0377501366954489,71.5353793860163,0.267791053327298,0.337524669504087,-0.143008669438426,-0.25826706318861,-0.185220735852602,-0.487214249559442,547,0.537477148080439,294,253,-0.00100942265247979,-3.69073093749598,0.0377512482657545,-0.0460514671187284,-1.78314322195075E-09,0.81976211894456,11,13,0.809974964729905,18:09:06.2522851,BTC
638210059282555560,1,XLMBTC,Short Trades,2.60988893035798,11.966955952384,-9.35706702202599,1.01785668283961,-2.52764396919975,-0.558217139167631,6/17/2022 4:00:00 AM,1.03253819056814,0.933219178082192,426,0.193498722222279,0.335035871432014,0.477517883478608,0.0490018407381035,64.824564224605,0.335035871432013,0.460467401020246,-0.150632497381513,-0.263102035177574,-0.167415075223198,-0.441078234526019,586,0.457337883959044,268,318,0.00445373537603751,18.4663328237081,0.0446528207178507,-0.0294247390629748,9.04172289345035E-09,1.51752648077132,7,18,0.35322093256981,20:57:38.7030716,BTC
638210059282555560,1,OCEANBTC,All Trades,2.51100651926749,51.9554207249456,-49.4444142056781,0.979292542514321,-3.98419072946523,-0.526646516530324,10/30/2022 4:00:00 AM,0.63024254855503,0.928082191780822,314,0.352370675690565,0.232519531341032,0.338331235392179,0.109817744654952,185.721684013177,0.232519531341032,0.102158506076707,-0.370210443622003,-0.723629046577163,-0.481520065541834,-1.26556209352966,1132,0.473498233215548,536,596,0.00221820363892888,7.34090321145653,0.0969317550838537,-0.0829604265195941,8.11008728237896E-09,1.16840955562059,13,15,1.36900356036254,20:47:58.0918727,BTC
638210059282555560,1,OCEANBTC,Long Trades,4.86649020691804,27.3405270638704,-22.4740368569524,1.89793118069803,-3.12614218310983,-0.407988128688513,2/7/2023 5:00:00 AM,1.55670789166631,0.905821917808219,116,0.408107845103862,0.284414055669409,0.399809087048328,0.134015102977596,181.11714847726,0.284414055669408,0.124410145888462,-0.345745178446671,-0.701511110554524,-0.468654977840009,-1.23325851430917,553,0.518987341772152,287,266,0.00880016312281743,28.1358997952944,0.0952631605012906,-0.0844888603644826,3.09150215257387E-08,1.12752332189508,12,10,0.917459198776821,20:02:49.2585895,BTC
638210059282555560,1,OCEANBTC,Short Trades,-2.3554836876507,24.6148936610751,-26.9703773487258,-0.918638638183772,-4.7845083190019,-0.854534288355475,2/8/2023 5:00:00 AM,-0.492314681175447,0.929794520547945,327,-0.0938478794022874,-0.0546922986758336,-0.0787157187304463,-0.0143256783568901,161.637394819434,-0.0546922986758339,-0.0359203681785329,-0.308391341860114,-0.622101603904839,-0.423655120279172,-1.1060229951252,579,0.430051813471503,249,330,-0.00406819289749689,-13.9300945642247,0.0988549946227917,-0.0817284162082601,-1.54762234838876E-08,1.20955475719595,8,14,0.451544361585714,21:31:05.2849740,BTC
638210059282555560,1,UNIBTC,All Trades,0.12267365009815,32.3282871870087,-32.2056135369105,0.0478427235382786,-4.65639399495321,-1.21645404765696,10/12/2022 4:00:00 AM,0.0263452040852018,0.933219178082192,423,0.0150016879390549,0.013943497239137,0.0191904787500918,0.00183195584448977,108.596026215665,0.013943497239137,0.0127207365917141,-0.222761670849903,-0.42291548766899,-0.283897475329416,-0.742346089329214,1135,0.507488986784141,576,559,0.000108082511099692,0.400840764533625,0.0561254985885568,-0.0576129043594106,1.12250063809794E-08,0.97418276708331,11,16,1.22443283931631,18:53:55.2422907,BTC
638210059282555560,1,UNIBTC,Long Trades,-0.555425174757779,17.0501219424245,-17.6055471171823,-0.216615818155534,-4.33796226512849,-0.959294891090517,10/12/2022 4:00:00 AM,-0.128038267926549,0.926369863013699,387,0.185288937635408,0.203050325700707,0.278955433788138,0.0336186785548064,101.942683885947,0.203050325700707,0.178294261246866,-0.214681154454379,-0.401247371050302,-0.264602766802863,-0.694963653508955,539,0.565862708719852,305,234,-0.00103047342255618,-3.52507592203097,0.0559020391554901,-0.0752373808426593,-9.78007565564256E-08,0.743008841208809,12,6,0.853363070361533,17:37:44.1929499,BTC
638210059282555560,1,UNIBTC,Short Trades,0.678098824855917,15.2781652445842,-14.6000664197283,0.264458541693808,-4.01786148234721,-1.05041554730016,10/11/2022 4:00:00 AM,0.168771080793899,0.934931506849315,423,0.0265966894195209,0.0309866767718103,0.0449237724729728,0.00410223908109126,87.2581505710569,0.0309866767718101,0.0349313663930856,-0.208625120972348,-0.331192434308471,-0.227968209908799,-0.596336920841576,596,0.454697986577181,271,325,0.00113774970613409,4.56703485843409,0.056376993522451,-0.0449232812914717,1.29175116175232E-07,1.25496161236899,12,14,0.371069768954777,20:02:49.1275167,BTC
638210059282555560,1,TFUELBTC,All Trades,7.10814499743103,41.2817513885481,-34.173606391117,2.7721765489981,-3.49784252191635,-0.379904917678297,11/29/2022 5:00:00 AM,2.03215123405176,0.88013698630137,113,0.804500290166969,0.883046879240496,1.43970634684399,0.315191219349945,139.425731013278,0.883046879240498,0.413847508265691,-0.309619655981011,-0.485854262260743,-0.35254388602301,-0.941143076678525,1107,0.501355013550135,555,552,0.00642108852523129,20.3017769076442,0.0743815340334199,-0.0619087072302845,5.85285658224464E-09,1.20147128507691,15,13,1.40219918389513,19:42:26.3414634,BTC
638210059282555560,1,TFUELBTC,Long Trades,2.53678932706054,20.2959224461396,-17.7591331190791,0.989347837553609,-3.1428032219897,-0.374622712112112,11/29/2022 5:00:00 AM,0.807174088823321,0.881849315068493,112,0.703035200635847,0.793518460309486,1.26166745945357,0.280556109284799,129.404743779416,0.793518460309486,0.419833100337335,-0.311341275036843,-0.482307621293502,-0.328347938528743,-0.874642563645645,536,0.524253731343284,281,255,0.00473281590869503,14.4853430207423,0.0722274820147317,-0.0696436592905062,4.18202253916178E-09,1.03710061691973,9,11,0.93859151069987,18:25:51.4925373,BTC
638210059282555560,1,TFUELBTC,Short Trades,4.57135567037052,20.9858289424084,-16.4144732720379,1.7828287114445,-4.34594990053544,-0.603430487496676,11/30/2022 5:00:00 AM,1.05186570830173,0.904109589041096,296,0.499388098047415,0.609472767727054,0.885136026976522,0.141199318010023,108.393695396284,0.609472767727054,0.42504033211128,-0.2620052658544,-0.425908302184016,-0.277002494088086,-0.734596948990655,571,0.479859894921191,274,297,0.00800587683077149,26.1225896766067,0.076590616578133,-0.0552675867745384,7.52015396213121E-09,1.38581438141276,13,10,0.463607673195255,20:54:19.5446584,BTC
638210059282555560,1,LDOBTC,All Trades,4.97802165541535,14.7500258056173,-9.77200415020195,1.94142844561199,-1.37285014266653,-0.163551707625064,3/11/2023 5:00:00 AM,3.62604883133595,0.159246575342466,36,0.613259994641287,1.04359082740969,1.84001159779932,1.25528379142793,82.2401601106743,1.04359082740969,0.906727401797596,-0.157061426878836,-0.292491357380255,-0.206645653003278,-0.553830432517994,222,0.572072072072072,127,95,0.0224235209703394,78.2657408656034,0.116141935477302,-0.102863201581073,7.61298752544272E-07,1.12909119774736,20,12,0.255463078896841,1.22:26:45.4054054,BTC
638210059282555560,1,LDOBTC,Long Trades,1.48568812782395,6.86345496860518,-5.37776684078123,0.579418369851341,-1.40045968847528,-0.186790575542228,3/11/2023 5:00:00 AM,1.06085747419225,0.164383561643836,36,0.527796018812037,0.844057309511001,1.43642443558154,0.875457693624104,83.90980530396,0.844057309511002,0.749619168221942,-0.122254367274923,-0.292881704496898,-0.21249215232298,-0.566725500292799,125,0.64,80,45,0.0118855050225916,44.1403341364197,0.0857931871075648,-0.119505929795138,4.29072589555213E-07,0.717898996766392,19,5,0.174696696990972,2.18:53:45.6000000,BTC
638210059282555560,1,LDOBTC,Short Trades,3.49233352759141,7.88657083701212,-4.39423730942071,1.36201007576065,-1.70326566947247,-0.232086500237778,3/16/2023 4:00:00 AM,2.05037510600037,0.136986301369863,63,0.456017341283889,0.847493128134109,1.55638210353678,0.698507871123061,69.6258330781505,0.847493128134109,0.940677051092137,-0.0673337647038159,-0.24751521560613,-0.176296005977214,-0.470228185501614,97,0.484536082474227,47,50,0.0360034384287774,116.621789498503,0.167799379510896,-0.0878847461884143,1.13523911546274E-06,1.90931176100975,6,10,0.0807663819058696,20:05:34.0206185,BTC
638210059282555560,1,CHZBTC,All Trades,-0.358981964568971,3.32121405324579,-3.68019601781476,-0.140002966181899,-1.07045100398819,-0.341075377637829,4/22/2023 4:00:00 AM,-0.335355810991355,0.186643835616438,88,-0.0521230858549665,-0.183092143179615,-0.243353490276829,-0.0336934506052021,27.5476662579652,-0.183092143179615,-0.686847771917521,-0.0489090776985261,-0.12068904126901,-0.072551859218494,-0.188846993165774,213,0.469483568075117,100,113,-0.00168536133600456,-9.10356098634272,0.0332121405324579,-0.032568106352343,-4.57297219337263E-09,1.01977499622322,23,11,0.156489308427507,1.22:16:20.2816901,BTC
638210059282555560,1,CHZBTC,Long Trades,-0.621401730367539,1.27335166466925,-1.89475339503679,-0.24234667484334,-0.917417102759791,-0.292303352579038,3/15/2023 4:00:00 AM,-0.677338288656519,0.188356164383562,88,-0.0165185609420738,-0.0601859641800539,-0.0798191468947008,-0.0135362609752002,27.1637711056582,-0.0601859641800538,-0.223868034056242,-0.0372393961531187,-0.109928771949624,-0.0712115505089623,-0.185886033990204,107,0.532710280373832,57,50,-0.00580749280717326,-31.4340504440413,0.0223395028889342,-0.0378950679007358,-1.57884575349347E-08,0.589509509455199,23,8,0.110286533752174,2.20:01:40.9345794,BTC
638210059282555560,1,CHZBTC,Short Trades,0.262419765798568,2.04786238857654,-1.78544262277797,0.102343708661442,-1.03618628975879,-0.34995725638342,4/22/2023 4:00:00 AM,0.253255392772719,0.160958904109589,89,-0.093844893184545,-0.341604632078321,-0.4499174947026,-0.0611601167719769,25.8780348168168,-0.341604632078321,-1.40135464905753,-0.0375789405049467,-0.104826977119851,-0.0685591125889412,-0.177805736137094,106,0.405660377358491,43,63,0.00247565816791102,13.3447058053897,0.0476247067110823,-0.0283403590917138,6.70416066306508E-09,1.68045530252321,6,10,0.0462027746753325,1.00:18:40.7547169,BTC
638210059282555560,1,GALABTC,All Trades,4.52975309422281,9.26147268257674,-4.73171958835394,1.76660370674689,-1.72249665154807,-0.253683759126419,3/14/2023 4:00:00 AM,2.62976017407741,0.164383561643836,50,0.568641441728607,1.09938134402919,2.71156334394305,0.929820536170067,70.8278993437863,1.09938134402919,1.13352155844028,-0.062889896092075,-0.176849107894065,-0.177580257231622,-0.476587075604428,216,0.546296296296296,118,98,0.0209710791399204,87.3995659918393,0.0784870566320063,-0.0482828529423871,1.49638008815796E-08,1.62556791591541,30,10,0.20825998650811,1.11:13:53.3333333,BTC
638210059282555560,1,GALABTC,Long Trades,3.16556166305042,5.79234461143117,-2.62678294838075,1.23456904858966,-1.44743252925317,-0.213004297359768,2/26/2023 5:00:00 AM,2.1870184613605,0.167808219178082,82,0.568674300045416,1.18991902050199,3.22703696527703,0.910120506735407,65.4436379759633,1.18991902050199,1.3277879857131,-0.050701613902796,-0.144314688288807,-0.163496464611893,-0.439773103552636,121,0.586776859504132,71,50,0.0261616666367803,116.788676930868,0.0815823184708615,-0.052535658967615,1.96086865264483E-08,1.55289416891396,29,11,0.149948298095759,1.22:40:09.9173553,BTC
638210059282555560,1,GALABTC,Short Trades,1.3641914311724,3.46912807114558,-2.10493663997319,0.532034658157234,-1.55049028589578,-0.366372042451249,3/14/2023 4:00:00 AM,0.879845197085026,0.142123287671233,51,0.276387740677294,0.718640670038795,1.17590164498096,0.261201304144773,45.2260413365372,0.718640670038795,1.35126841357904,-0.0180052720744421,-0.126966037517944,-0.115089245789298,-0.306015347691562,95,0.494736842105263,47,48,0.0143599098018147,55.178914247954,0.073811235556289,-0.0438528466661081,9.65612131121579E-09,1.68315722165727,6,6,0.0583116884123511,20:39:47.3684210,BTC
638210059282555560,1,FILBTC,All Trades,-0.735225888187463,5.87485012376385,-6.61007601195131,-0.286738096393111,-2.56218115748168,-0.578089415924064,4/26/2023 4:00:00 AM,-0.286953124309955,0.171232876712329,65,-0.131115082654121,-0.227788349049322,-0.300870895779453,-0.0508718526700159,52.9095922171776,-0.227788349049322,-0.468364342899254,-0.0730534085616969,-0.225521156527633,-0.1395803889955,-0.36294334309741,212,0.485849056603774,103,109,-0.00346804664239369,-16.1242516830156,0.0570373798423674,-0.0606428991922138,-3.73759878985209E-07,0.940545069614526,33,12,0.181078592904026,2.06:30:50.9433962,BTC
638210059282555560,1,FILBTC,Long Trades,-0.677140516716394,3.01782553984952,-3.69496605656591,-0.264084801519394,-2.53037568943136,-0.601115851573574,4/26/2023 4:00:00 AM,-0.267604735353968,0.171232876712329,64,-0.171783794507447,-0.408405670292037,-0.544288637971179,-0.0632285070862324,37.6256044498531,-0.408405670292038,-1.21343137626136,-0.0636370865807299,-0.177771167001722,-0.099930018992595,-0.25877014244871,114,0.552631578947368,63,51,-0.00593982909400346,-28.6102096264931,0.0479019926960241,-0.0724503148346258,-6.57641938547315E-07,0.661170248954261,30,13,0.124630957475144,3.09:56:50.5263157,BTC
638210059282555560,1,FILBTC,Short Trades,-0.0580853714710665,2.85702458391433,-2.91510995538539,-0.0226532948737159,-2.18110382883512,-0.565787467904083,4/20/2023 4:00:00 AM,-0.0266311812868114,0.143835616438356,64,-0.156612157457435,-0.252221283185569,-0.345069466222838,-0.0586052592222983,56.1143141103982,-0.252221283185569,-0.497368360420868,-0.0381674899881978,-0.207330009835353,-0.1481699519997,-0.385061949119115,98,0.408163265306122,40,58,-0.00059270787215374,-2.64870471556406,0.0714256145978582,-0.050260516472162,-6.19604828814112E-08,1.42110785187452,6,9,0.0564476354288818,22:36:07.3469387,BTC
638210059282555560,1,LRCBTC,All Trades,-1.36571946571305,5.20777321166764,-6.57349267738068,-0.532630591628088,-2.64017160066207,-0.81222048091925,4/18/2023 4:00:00 AM,-0.517284355823905,0.181506849315068,91,-0.302628451781913,-0.552818956156557,-0.789330389503152,-0.0680494386774508,44.6931788000884,-0.552818956156558,-1.51505104804727,-0.0924190662899756,-0.197396501950506,-0.119337340428101,-0.308013911663357,219,0.54337899543379,119,100,-0.00623616194389518,-27.6203027662899,0.0437628000980474,-0.0657349267738068,-3.91494528108651E-08,0.665746540627248,37,8,0.197551231677679,2.14:35:53.4246575,BTC
638210059282555560,1,LRCBTC,Long Trades,-0.713212089771961,2.82001339768617,-3.53322548745813,-0.278152715011065,-2.18258012820949,-0.670044513200947,4/18/2023 4:00:00 AM,-0.326774756424203,0.181506849315068,90,-0.214980526726356,-0.422390800424186,-0.610542529619366,-0.0634354731969814,44.2041522330873,-0.422390800424186,-1.10020342052911,-0.0624217786162502,-0.187896667429412,-0.117462981396233,-0.304075079743636,123,0.617886178861789,76,47,-0.00579847227456879,-25.794988585237,0.0371054394432391,-0.0751750103714496,-3.68920441714747E-08,0.493587420339501,35,6,0.14448714540098,3.23:09:45.3658536,BTC
638210059282555560,1,LRCBTC,Short Trades,-0.652507375941088,2.38775981398147,-3.04026718992255,-0.254477876617024,-1.85765142913774,-0.624745094408275,4/18/2023 4:00:00 AM,-0.351253935860271,0.157534246575342,91,-0.182320139654734,-0.413933638735988,-0.584055087766138,-0.0576861995585656,39.1197714888421,-0.413933638735988,-1.19135728905304,-0.0533095717895473,-0.166843748336266,-0.103919710938251,-0.269067604871605,96,0.447916666666667,43,53,-0.00679695183271967,-29.9356969186556,0.055529297999569,-0.0573635318853312,-4.19555323003318E-08,0.968024390662889,10,9,0.0530640862766988,20:52:30,BTC
638210059282555560,1,GMTBTC,All Trades,-0.181322477888076,6.94558797466072,-7.1269104525488,-0.0707157663763495,-2.46464375280645,-0.568507101512758,4/18/2023 4:00:00 AM,-0.0735694469765078,0.181506849315068,101,-0.0263842655925819,-0.0430732681282526,-0.06052954924637,-0.011242255518675,60.2495891691563,-0.0430732681282528,-0.0726836670517294,-0.0739490732186439,-0.241432785377718,-0.157846443319054,-0.412195903526765,225,0.52,117,108,-0.000805877679502558,-3.39866120082863,0.059363999783425,-0.0659899115976741,-5.57747642470921E-09,0.899592048938544,19,14,0.212209708865489,1.22:47:12,BTC
638210059282555560,1,GMTBTC,Long Trades,-0.529402760771283,3.13867736587257,-3.66808012664385,-0.2064670767008,-2.2466336285503,-0.518219791754431,4/19/2023 4:00:00 AM,-0.235642676243965,0.181506849315068,101,0.00177490210567366,0.00323475139288798,0.00496262844823926,0.000874457468499409,54.9305044135672,0.00323475139288779,0.00588230082027119,-0.0642482232944401,-0.213872031464847,-0.143660241408168,-0.375554671547794,123,0.577235772357724,71,52,-0.00430408748594539,-19.0428948642406,0.044206723462994,-0.0705400024354587,-3.13465040564616E-08,0.62669013236059,20,5,0.148086944434525,2.20:47:19.0243902,BTC
638210059282555560,1,GMTBTC,Short Trades,0.348080282883207,3.80691060878815,-3.45883032590494,0.135751310324451,-1.97494723010274,-0.605671998647942,4/17/2023 4:00:00 AM,0.17624789036267,0.162671232876712,60,-0.153965829835326,-0.291256013812039,-0.360644468206481,-0.0616083538734988,47.8574903364573,-0.291256013812039,-0.672240241302838,-0.0405911017953247,-0.19705165433566,-0.126552024475359,-0.328587042503418,102,0.450980392156863,46,56,0.00341255179297262,13.6231700828265,0.0827589262780032,-0.0617648272483025,2.2282790244953E-08,1.33990379257926,7,12,0.0641227644309643,20:15:17.6470588,BTC
638210059282555560,1,QNTBTC,All Trades,-0.665912132450436,2.97036594662443,-3.63627807907487,-0.25970573165567,-0.986453514902418,-0.35612469537991,4/2/2023 4:00:00 AM,-0.67505677904783,0.188356164383562,106,-0.113591665117611,-0.428561771174374,-0.591633816513458,-0.0618740224605032,24.6472440494327,-0.428561771174374,-1.86986277198065,-0.0476153317187313,-0.114424709341332,-0.065509724177559,-0.169560445618664,211,0.483412322274882,102,109,-0.00315598167038122,-14.5217937651682,0.0291212347708278,-0.0333603493493107,-7.31649990447609E-06,0.872929550764116,6,7,0.182127762915754,2.05:53:27.5829383,BTC
638210059282555560,1,QNTBTC,Long Trades,-1.53451124160245,0.752473661219972,-2.28698490282242,-0.598459384224955,-1.1413665231001,-0.412050643254142,4/25/2023 4:00:00 AM,-1.34445089333312,0.188356164383562,106,-0.159018048495654,-0.645650105362229,-0.798362541270558,-0.0797022889796381,22.2217216838525,-0.645650105362228,-3.22026054816006,-0.0387909253967824,-0.109754307633846,-0.0595386937583393,-0.153349838251045,107,0.504672897196262,54,53,-0.0143412265570322,-66.9122110702755,0.0139346974299995,-0.0431506585438192,-3.35274084860811E-05,0.32293128077869,6,6,0.124337827176221,3.11:02:14.5794392,BTC
638210059282555560,1,QNTBTC,Short Trades,0.868599109152011,2.21789228540446,-1.34929317625245,0.338753652569284,-0.828455716790035,-0.323097729548114,4/2/2023 4:00:00 AM,1.04845568875729,0.162671232876712,94,-0.116797235539556,-0.47669673151775,-0.623263235862425,-0.073260550001567,22.735796741107,-0.476696731517751,-2.25949928193166,-0.0303877328651351,-0.101786775429355,-0.0605372304644453,-0.156518592466051,104,0.461538461538462,48,56,0.00835191451107703,37.8922820035607,0.0462060892792595,-0.024094521004508,1.91971458980524E-05,1.91770109356457,9,7,0.0577899357395327,23:54:13.8461538,BTC
638210059282555560,1,MANABTC,All Trades,3.42317176462448,7.24690737895331,-3.82373561432883,1.33503698820355,-1.48850313962241,-0.223378308298493,3/17/2023 4:00:00 AM,2.29974104420958,0.164383561643836,83,0.453956744810303,1.20297886590737,2.34979222432242,0.614801528202322,48.7777550921723,1.20297886590737,1.90796698502801,-0.0440525169113799,-0.140453930511597,-0.121797616386583,-0.327717620969606,217,0.557603686635945,121,96,0.0157749850904354,83.6144130126571,0.0598917965202753,-0.0398305793159253,2.10805428810573E-07,1.50366370635059,24,8,0.164477419611176,2.00:11:53.3640552,BTC
638210059282555560,1,MANABTC,Long Trades,1.98989710488479,4.27833348685291,-2.28843638196813,0.776059870905067,-1.42933412519638,-0.217514427610118,3/24/2023 4:00:00 AM,1.39218470321723,0.166095890410959,83,0.425146727495054,1.03781934846216,1.87956654543938,0.551409615805188,52.1691032681946,1.03781934846216,1.56211174261665,-0.0385874492121,-0.133664713599219,-0.131115508549009,-0.351352417028686,115,0.591304347826087,68,47,0.0173034530859547,98.9280536345909,0.0629166689243076,-0.0486901357865559,2.48596258332408E-07,1.29218511938675,20,7,0.113522430162423,3.00:45:54.7826086,BTC
638210059282555560,1,MANABTC,Short Trades,1.43327465973969,2.96857389210039,-1.5352992323607,0.558977117298479,-1.18517073179717,-0.241884525290596,3/17/2023 4:00:00 AM,1.20934024211541,0.145547945205479,81,0.283119094495899,0.810555241208542,1.56868635828425,0.352957699979823,41.2268586150473,0.810555241208542,1.66574559257272,-0.00903991723932646,-0.0930278969181796,-0.104538597995769,-0.278581763756724,102,0.519607843137255,53,49,0.0140517123503891,68.8234451764072,0.0560108281528376,-0.0313326373951164,1.7406777531815E-07,1.78761932634396,8,5,0.0509549894487528,20:30:00,BTC
638210059282555560,1,TRXBTC,All Trades,0.471025283488244,3.61676689557812,-3.14574161208988,0.183699860560415,-1.58095489653424,-0.612214112369935,3/17/2023 4:00:00 AM,0.297937205242745,0.178082191780822,96,0.0779721979151988,0.2878187166269,0.461520035916541,0.0439449088388179,28.4151723885614,0.2878187166269,0.965693228609912,-0.0500426942972368,-0.10962996269763,-0.0735169700378649,-0.193474364908195,209,0.483253588516746,101,108,0.00225370949037437,9.60861216400559,0.0358095732235458,-0.0291272371489804,2.46071546862223E-09,1.22941880963122,10,19,0.195023054244755,1.19:56:33.3014354,BTC
638210059282555560,1,TRXBTC,Long Trades,0.0497580720443025,1.93710653799914,-1.88734846595484,0.019405648097278,-1.29992698266795,-0.503387949640061,3/17/2023 4:00:00 AM,0.0382775899783078,0.172945205479452,89,0.115571533952909,0.452214355692227,0.753586592996063,0.0905091363439031,27.4142338440451,0.452214355692227,1.53779573333922,-0.0348944793334938,-0.0993804906295562,-0.0704828426257253,-0.186214678749355,115,0.573913043478261,66,49,0.000432678887341761,1.85278145347423,0.0293500990605931,-0.0385173156317314,4.72292400273783E-10,0.761997521873352,10,18,0.140431652008114,2.14:21:23.4782608,BTC
638210059282555560,1,TRXBTC,Short Trades,0.42126721144394,1.67966035757898,-1.25839314613504,0.164294212463137,-1.38119442026307,-0.538665823902597,3/18/2023 4:00:00 AM,0.305002109235065,0.147260273972603,78,0.054332170905339,0.217179600536165,0.29039972328716,0.0329477439691407,25.8678078764507,0.217179600536165,0.811965926254221,-0.0047781221641534,-0.0901629922791321,-0.0671065228019205,-0.176309972333494,94,0.372340425531915,35,59,0.00448156607919085,19.0057255241721,0.047990295930828,-0.0213286973921193,4.89483363758761E-09,2.25003407608754,6,13,0.0545914022366402,21:24:53.6170212,BTC
638210059282555560,1,JASMYBTC,All Trades,12.5233802381833,20.0683750457788,-7.54499480759551,4.88411829289147,-1.1664512197829,-0.189492412964908,3/14/2023 4:00:00 AM,10.7363085792084,0.125,12,1.18887080684402,1.66161165033246,3.28907540964836,5.37327562358312,128.880993541815,1.66161165033246,0.715742675073429,-0.103338271137861,-0.371400328058797,-0.315985388613006,-0.860068951512647,208,0.548076923076923,114,94,0.0602085588374195,160.723741613843,0.17603837759455,-0.0802659022084628,3.51027002541026E-09,2.19319004397847,19,6,0.314242205837927,1.21:17:35.7692307,BTC
638210059282555560,1,JASMYBTC,Long Trades,7.24126000781961,10.7858377107577,-3.54457770293812,2.82409140304965,-1.18543751380806,-0.209650180578402,3/14/2023 4:00:00 AM,6.10851261536175,0.13013698630137,17,1.0557711073933,1.79342620819436,3.60541612381176,3.98735259467553,100.451287962215,1.79342620819436,1.04630609136067,-0.0519605968572003,-0.302528567989301,-0.244976733501794,-0.669041548261369,113,0.548672566371681,62,51,0.064081946971855,160.594628717919,0.17396512436706,-0.0695015235870219,3.51400660255515E-09,2.50304044269247,19,6,0.232171690043124,2.17:31:19.6460176,BTC
638210059282555560,1,JASMYBTC,Short Trades,5.28212023036363,9.28253733502102,-4.00041710465739,2.06002688984182,-1.25874075350664,-0.242612263300239,3/14/2023 4:00:00 AM,4.19635275623558,0.0924657534246575,19,1.11745877341253,1.67955740836057,3.89338912120249,4.00774871363192,116.446647556804,1.67955740836057,0.824095475510172,-0.00278010140044813,-0.246252328824244,-0.285293257431878,-0.776884027717713,95,0.547368421052632,52,43,0.055601265582775,160.901080275202,0.178510333365789,-0.0930329559222649,3.50516044613526E-09,1.91878600003794,7,5,0.0820705157948023,21:13:53.6842105,BTC
638210059282555560,1,AAVEBTC,All Trades,2.09231335095463,4.69752642594935,-2.60521307499472,0.816002206872306,-0.862197240050076,-0.158982013938804,4/23/2023 4:00:00 AM,2.42672239455685,0.125,25,0.306862531653983,1.62489944119391,2.76250139797258,0.866498654217533,22.5819662423108,1.62489944119391,6.01755898543163,-0.0296515549293483,-0.0822137666053269,-0.0554473420252233,-0.150779293717616,233,0.583690987124464,136,97,0.00897988562641473,48.3930921520365,0.0345406354849217,-0.0268578667525229,1.51339204675007E-05,1.28605282776887,25,9,0.172196537924547,1.17:09:31.6738197,BTC
638210059282555560,1,AAVEBTC,Long Trades,0.596600781725807,2.11567325069918,-1.51907246897337,0.232674304873065,-0.849605848603296,-0.159013532309,4/25/2023 4:00:00 AM,0.702208892166391,0.126712328767123,25,0.299762683247562,1.4818182534395,2.64703749737283,0.857601972104383,24.0958980251106,1.4818182534395,5.16287172012447,-0.0273482478015777,-0.0795261071410971,-0.0595046289836407,-0.161227789928354,126,0.642857142857143,81,45,0.00473492683909371,27.7934827532832,0.026119422848138,-0.033757165977186,8.69957110624568E-06,0.773744539627236,24,6,0.121560877865812,2.10:56:11.4285714,BTC
638210059282555560,1,AAVEBTC,Short Trades,1.49571256922882,2.58185317525017,-1.08614060602135,0.583327901999241,-0.739641504178788,-0.144791084243461,4/24/2023 4:00:00 AM,2.02221287039522,0.0976027397260274,25,0.279234734857283,1.48058564384803,2.62548133583156,0.894201071619933,22.2126248413278,1.48058564384803,5.65939070479826,-0.00538462969474319,-0.0682299591892118,-0.0548566009465365,-0.148629342239857,107,0.514018691588785,55,52,0.0139786221423254,68.7042905851546,0.0469427850045486,-0.0208873193465644,2.146697692946E-05,2.24742985089036,10,11,0.0506356600587348,20:13:27.4766355,BTC
