#,Date,Return,Return %,Drawdown,Drawdown %,Max Drawdown,Max Drawdown %,Currency,Net Return,Commission
1,9/20/2021 11:07:52 AM,0,0,0,0,0,0,BTC,0,
2,9/21/2021 4:00:00 AM,0,0,0,0,0,0,BTC,0,
3,9/22/2021 4:00:00 AM,0,0,0,0,0,0,BTC,0,
4,9/23/2021 4:00:00 AM,0,0,0,0,0,0,BTC,0,
5,9/24/2021 4:00:00 AM,0,0,0,0,0,0,BTC,0,
6,9/25/2021 4:00:00 AM,0,0,0,0,0,0,BTC,0,
7,9/26/2021 4:00:00 AM,0,0,0,0,0,0,BTC,0,
8,9/27/2021 4:00:00 AM,0,0,0,0,0,0,BTC,0,
9,9/28/2021 4:00:00 AM,0,0,0,0,0,0,BTC,0,
10,9/29/2021 4:00:00 AM,0,0,0,0,0,0,BTC,0,
11,9/30/2021 4:00:00 AM,0,0,0,0,0,0,BTC,0,
12,10/1/2021 4:00:00 AM,0,0,0,0,0,0,BTC,0,
13,10/2/2021 4:00:00 AM,0,0,0,0,0,0,BTC,0,
14,10/3/2021 4:00:00 AM,0,0,0,0,0,0,BTC,0,
15,10/4/2021 4:00:00 AM,0,0,0,0,0,0,BTC,0,
16,10/5/2021 4:00:00 AM,0,0,0,0,0,0,BTC,0,
17,10/6/2021 4:00:00 AM,0,0,0,0,0,0,BTC,0,
18,10/7/2021 4:00:00 AM,0,0,0,0,0,0,BTC,0,
19,10/8/2021 4:00:00 AM,0,0,0,0,0,0,BTC,0,
20,10/9/2021 4:00:00 AM,0,0,0,0,0,0,BTC,0,
21,10/10/2021 4:00:00 AM,3.03186580712412,0.0303186580712412,-0.345162436887522,-0.00333886979293696,-0.612553969406159,-0.00611421991427208,BTC,0,
22,10/11/2021 4:00:00 AM,3.12385434509998,0.0312385434509998,-0.50814102428906,-0.00476394740153052,-1.05131291789647,-0.0101747903249898,BTC,0,
23,10/12/2021 4:00:00 AM,0.0721087741273845,0.000721087741273844,-0.618609510697692,-0.00578970642116583,-2.24312296778471,-0.02111278872505,BTC,0,
24,10/13/2021 4:00:00 AM,0.747982129123612,0.00747982129123611,-0.655980147723167,-0.0060946690600433,-1.39671906268038,-0.0131457536674425,BTC,0,
25,10/14/2021 4:00:00 AM,-0.49678871024933,-0.0049678871024933,-1.17263536088645,-0.0108928685899824,-2.08389190876959,-0.0194044000854958,BTC,0,
26,10/15/2021 4:00:00 AM,-2.61905530830344,-0.0261905530830344,-2.84865490576366,-0.0266956395266139,-2.84865490576366,-0.0266956395266139,BTC,0,
27,10/16/2021 4:00:00 AM,-2.10070759922236,-0.0210070759922236,-2.15626552283421,-0.0207501768735051,-2.62497112382674,-0.0252606251551313,BTC,0,
28,10/17/2021 4:00:00 AM,-1.39983811317519,-0.0139983811317519,-1.4091168637715,-0.0138462916816617,-1.65781213229233,-0.016290025992365,BTC,0,
29,10/18/2021 4:00:00 AM,0.178445626324683,0.00178445626324683,-0.344249742735956,-0.00341239611160782,-0.887908519137696,-0.00880812311974499,BTC,0,
30,10/19/2021 4:00:00 AM,0.226253008689969,0.00226253008689969,-0.625936602976586,-0.00617355019020671,-1.16726587991174,-0.011512626775112,BTC,0,
31,10/20/2021 4:00:00 AM,0.408800520748126,0.00408800520748126,-0.0865133455435185,-0.000854373190475544,-1.04810293452236,-0.0103506695121871,BTC,0,
32,10/21/2021 4:00:00 AM,-1.93310742735085,-0.0193310742735085,-1.98812535743268,-0.0196400854216053,-2.03049325294968,-0.0200586249689114,BTC,0,
33,10/22/2021 4:00:00 AM,0.319182039180492,0.00319182039180492,-0.477057173919182,-0.00476885245981606,-1.04315673658783,-0.0104965501331241,BTC,0,
34,10/23/2021 4:00:00 AM,-0.430304540033828,-0.00430304540033828,-0.43515227765578,-0.00437058539815416,-1.09758093772705,-0.0110238908677318,BTC,0,
35,10/24/2021 4:00:00 AM,-0.544388978495316,-0.00544388978495316,-1.30785980116174,-0.0130927170176571,-1.48133388221516,-0.0148293305683702,BTC,0,
36,10/25/2021 4:00:00 AM,-1.18774229484119,-0.0118774229484119,-1.83611607277943,-0.0185031398808414,-1.87496583322515,-0.0188946415742918,BTC,0,
37,10/26/2021 4:00:00 AM,0.506255760342351,0.0050625576034235,-0.375223963416401,-0.00381798382654763,-1.28943331689211,-0.0131202589101236,BTC,0,
38,10/27/2021 4:00:00 AM,-0.0541255031323837,-0.000541255031323837,-0.870582603761584,-0.00881877048819246,-3.02549922336659,-0.0308733865627094,BTC,0,
39,10/28/2021 4:00:00 AM,4.46107481269829,0.0446107481269829,-0.552241013150156,-0.00536875604561382,-2.42394168348996,-0.0235649856811951,BTC,0,
40,10/29/2021 4:00:00 AM,1.72495067760283,0.0172495067760283,-0.511062690767675,-0.00488841062669187,-0.741467429179787,-0.00709227522499001,BTC,0,
41,10/30/2021 4:00:00 AM,3.23987929432521,0.0323987929432521,-1.26293085078556,-0.011635891354548,-1.7574132631525,-0.0161917572782109,BTC,0,
42,10/31/2021 4:00:00 AM,-1.07201970223091,-0.010720197022309,-1.19389613890853,-0.0111167166899457,-2.9927228718496,-0.027866119349618,BTC,0,
43,11/1/2021 4:00:00 AM,3.9708305246421,0.039708305246421,-0.352184953587509,-0.00318645621597458,-0.924754422877682,-0.00870656458910102,BTC,0,
44,11/2/2021 4:00:00 AM,-0.056002289061146,-0.00056002289061146,-1.79374939190568,-0.0160283345842538,-1.79374939190568,-0.0160283345842538,BTC,0,
45,11/3/2021 4:00:00 AM,0.681810076348137,0.00681810076348137,-1.30155695971919,-0.011610597866512,-2.00636392579058,-0.0178978603604537,BTC,0,
46,11/4/2021 4:00:00 AM,2.1188087132862,0.021188087132862,-0.404786144372718,-0.00357197418837518,-0.997919433318744,-0.0088317809185382,BTC,0,
47,11/5/2021 4:00:00 AM,-0.471842565651443,-0.00471842565651442,-0.781098116683648,-0.00689849774751017,-1.48008416031354,-0.0130717985717326,BTC,0,
48,11/6/2021 4:00:00 AM,-0.192465667277892,-0.00192465667277892,-0.621837388069514,-0.00550905296735549,-0.890721811743619,-0.00789118463157756,BTC,0,
49,11/7/2021 4:00:00 AM,-2.38081636183078,-0.0238081636183078,-2.66213644491827,-0.0236560683572969,-3.06276164632006,-0.0272160726418661,BTC,0,
50,11/8/2021 5:00:00 AM,1.09255639783425,0.0109255639783425,-0.788759968657462,-0.00705798863910645,-0.820478684205774,-0.00740168249491602,BTC,0,
51,11/9/2021 5:00:00 AM,-2.60914612684318,-0.0260914612684318,-2.64621518791,-0.0238392347140239,-2.8537983271164,-0.0257093105872276,BTC,0,
52,11/10/2021 5:00:00 AM,2.86461677279744,0.0286461677279743,-0.732319568305609,-0.00654129835240636,-0.997684522526942,-0.00917629795762398,BTC,0,
53,11/11/2021 5:00:00 AM,0.726520543307759,0.00726520543307758,-0.511224190280513,-0.00454588512932397,-1.14237077882728,-0.0102670853974034,BTC,0,
54,11/12/2021 5:00:00 AM,-1.02711779268622,-0.0102711779268622,-2.09199610795473,-0.0185112211953965,-2.1502758032179,-0.0190269144732734,BTC,0,
55,11/13/2021 5:00:00 AM,1.65901319050837,0.0165901319050837,-0.0166765494816161,-0.000148109586712519,-1.18291612022392,-0.0106474680380014,BTC,0,
56,11/14/2021 5:00:00 AM,-0.625575653027905,-0.00625575653027905,-0.716783108901758,-0.00636176112455578,-1.06236540107626,-0.00942895392581922,BTC,0,
57,11/15/2021 5:00:00 AM,1.1598511613119,0.011598511613119,-0.475245893366777,-0.0041839128182225,-0.544582209693996,-0.00479432756708997,BTC,0,
58,11/16/2021 5:00:00 AM,-2.36217534029253,-0.0236217534029253,-3.52851020486054,-0.0308760214920205,-4.32900610337759,-0.0378807138782974,BTC,0,
59,11/17/2021 5:00:00 AM,0.803055193900381,0.0080305519390038,-1.0978625223059,-0.0097455796096676,-1.90022595689107,-0.0168680531150136,BTC,0,
60,11/18/2021 5:00:00 AM,-0.634667536857979,-0.00634667536857978,-0.820237789511951,-0.00734058804022764,-1.69334269039355,-0.0151718997112461,BTC,0,
61,11/19/2021 5:00:00 AM,-1.33850970198686,-0.0133850970198686,-1.80220201875538,-0.016180149594081,-1.93859093580483,-0.0174046477679087,BTC,0,
62,11/20/2021 5:00:00 AM,1.74912163638693,0.0174912163638693,0,0,-0.678827767194679,-0.00612361962471564,BTC,0,
63,11/21/2021 5:00:00 AM,0.0543111418568714,0.000543111418568713,-0.36797158537329,-0.00329273038789857,-1.28243271122904,-0.0114965304050941,BTC,0,
64,11/22/2021 5:00:00 AM,-1.34791575191427,-0.0134791575191427,-1.65134026803277,-0.0147852739232476,-2.99440464553541,-0.026810399878414,BTC,0,
65,11/23/2021 5:00:00 AM,1.02704105977173,0.0102704105977173,0,0,-1.24479892361753,-0.0112151535009267,BTC,0,
66,11/24/2021 5:00:00 AM,0.662420306778079,0.00662420306778079,-0.00125146340478821,-1.12010280995944E-05,-1.75163601108997,-0.0157017180005439,BTC,0,
67,11/25/2021 5:00:00 AM,2.42181792260605,0.0242181792260605,-0.984632044481522,-0.00855214588612607,-1.57499848279493,-0.013679848092271,BTC,0,
68,11/26/2021 5:00:00 AM,1.62165992562306,0.0162165992562306,-1.20527945655176,-0.0103037307257976,-1.86813390112397,-0.0159703615392109,BTC,0,
69,11/27/2021 5:00:00 AM,-0.675050358671426,-0.00675050358671425,-1.41776714930513,-0.012168370402545,-1.90949609565857,-0.0163887672144014,BTC,0,
70,11/28/2021 5:00:00 AM,0.76592986969237,0.00765929869692369,-1.58346249366986,-0.0134826889773013,-1.99879903679632,-0.0170191500265955,BTC,0,
71,11/29/2021 5:00:00 AM,1.48998804164973,0.0148998804164973,-0.4295357921186,-0.00364692769488817,-1.12283743048068,-0.00955890556218264,BTC,0,
72,11/30/2021 5:00:00 AM,-0.179015331719228,-0.00179015331719228,-0.746412108165053,-0.00632992302300028,-0.904573054148635,-0.0077058513906233,BTC,0,
73,12/1/2021 5:00:00 AM,-0.356291343956762,-0.00356291343956762,-1.16653409982028,-0.00988740139483224,-1.18595857342545,-0.0100520408746788,BTC,0,
74,12/2/2021 5:00:00 AM,1.57397997304225,0.0157397997304225,-0.528329634877466,-0.0044428195277344,-0.842817836197508,-0.00720377421767737,BTC,0,
75,12/3/2021 5:00:00 AM,-2.62772472586474,-0.0262772472586474,-3.72870883525893,-0.0312051175309968,-4.38896189342955,-0.0367306962743914,BTC,0,
76,12/4/2021 5:00:00 AM,-1.19547795897705,-0.0119547795897705,-1.31154097025953,-0.0113183252358681,-1.76320473899131,-0.0152160894290465,BTC,0,
77,12/5/2021 5:00:00 AM,-1.66364558995319,-0.0166364558995318,-2.42193319795039,-0.0210010474310525,-2.76072797954371,-0.023938801983348,BTC,0,
78,12/6/2021 5:00:00 AM,0.892511994536507,0.00892511994536507,-0.648386659839501,-0.0056655679102442,-1.29634338430222,-0.0113273790681906,BTC,0,
79,12/7/2021 5:00:00 AM,-1.01526744364781,-0.0101526744364781,-1.78675018738608,-0.015595752550053,-2.59637260379671,-0.0226625887280797,BTC,0,
80,12/8/2021 5:00:00 AM,0.702826366897034,0.00702826366897033,-0.0694355550797781,-0.000611486995536925,-1.36245361419689,-0.0119985022967914,BTC,0,
81,12/9/2021 5:00:00 AM,0.808899996914313,0.00808899996914313,-0.248207955411058,-0.00216700473957088,-0.591175215743847,-0.00518990871992564,BTC,0,
82,12/10/2021 5:00:00 AM,0.517795363837308,0.00517795363837308,-0.691363662282662,-0.00598580163873774,-1.76674211173421,-0.0152963894468058,BTC,0,
83,12/11/2021 5:00:00 AM,-0.111942517682529,-0.00111942517682529,-0.807704097893442,-0.00699280666666524,-1.23393622297242,-0.0106829685137733,BTC,0,
84,12/12/2021 5:00:00 AM,-0.0594062529797803,-0.000594062529797803,-0.825905783021684,-0.00715294189748283,-1.10267635566313,-0.00954997539178071,BTC,0,
85,12/13/2021 5:00:00 AM,-1.318770419718,-0.01318770419718,-1.34976867490786,-0.0117710109551968,-2.75081700586248,-0.0239892195705012,BTC,0,
86,12/14/2021 5:00:00 AM,-0.771294582857744,-0.00771294582857743,-0.832525057441892,-0.00734276351734453,-1.83529983978303,-0.0161871076269529,BTC,0,
87,12/15/2021 5:00:00 AM,-0.0649809333730431,-0.000649809333730431,-0.902837828187304,-0.0079625386297949,-1.73825654080153,-0.0153304773266036,BTC,0,
88,12/16/2021 5:00:00 AM,-0.946692513855631,-0.0094669251385563,-0.948109988854064,-0.00842882392968036,-1.72436679511155,-0.0153298502041408,BTC,0,
89,12/17/2021 5:00:00 AM,-0.372890744757568,-0.00372890744757567,-0.381373416724152,-0.00341902089915114,-1.4847079926645,-0.0133104391482227,BTC,0,
90,12/18/2021 5:00:00 AM,-0.887747180703538,-0.00887747180703538,-0.939909615773917,-0.00845125284812165,-1.06868058377984,-0.00960910461583575,BTC,0,
91,12/19/2021 5:00:00 AM,0.12872050891772,0.0012872050891772,-0.264648118560684,-0.00239135090526554,-0.935076913600126,-0.00844932144612176,BTC,0,
92,12/20/2021 5:00:00 AM,-1.29651684342669,-0.0129651684342669,-1.40880863212948,-0.0127474935601278,-1.56145709351091,-0.014128721098095,BTC,0,
93,12/21/2021 5:00:00 AM,-0.79012053242641,-0.0079012053242641,-1.53332582661583,-0.0139582432953453,-1.54468247614426,-0.0140616256778671,BTC,0,
94,12/22/2021 5:00:00 AM,2.23131849915752,0.0223131849915752,-1.18340334722834,-0.0105914154513757,-1.23537691690959,-0.0111327052248588,BTC,0,
95,12/23/2021 5:00:00 AM,-0.0151616238074652,-0.000151616238074652,-0.428299570872779,-0.00385987443282021,-1.16891945284803,-0.0105344077298046,BTC,0,
96,12/24/2021 5:00:00 AM,0.812417285488715,0.00812417285488715,-0.896528909555064,-0.00798741437091166,-1.02335372768959,-0.00911733038829765,BTC,0,
97,12/25/2021 5:00:00 AM,1.1024406226445,0.011024406226445,-0.333953296665188,-0.00296103669469649,-1.19114670618651,-0.0106953047545688,BTC,0,
98,12/26/2021 5:00:00 AM,-0.306693242084529,-0.00306693242084529,-1.60088788878548,-0.0140746304765648,-1.69613429929538,-0.0149120145566974,BTC,0,
99,12/27/2021 5:00:00 AM,-1.65874715664188,-0.0165874715664188,-1.74520266111048,-0.0155504591912431,-2.11702393449532,-0.0188635366160322,BTC,0,
100,12/28/2021 5:00:00 AM,-0.245373866766837,-0.00245373866766837,-1.02086137820767,-0.00917556836652522,-1.17090449077998,-0.01052416560678,BTC,0,
101,12/29/2021 5:00:00 AM,0.516968336203039,0.00516968336203039,-0.467119211184659,-0.00419988597663545,-1.11933039167202,-0.0101321288812775,BTC,0,
102,12/30/2021 5:00:00 AM,-1.17826205083725,-0.0117826205083725,-1.1787205837261,-0.0106425737617628,-1.4035369020937,-0.0126724222976319,BTC,0,
103,12/31/2021 5:00:00 AM,2.11831394914827,0.0211831394914827,-0.00870493656575988,-7.79289390805404E-05,-0.731830373858816,-0.0065926131429791,BTC,0,
104,1/1/2022 5:00:00 AM,2.21702438811013,0.0221702438811013,-0.106632631590674,-0.000935222446991291,-0.323069046436093,-0.00284335715453399,BTC,0,
105,1/2/2022 5:00:00 AM,0.498777594583709,0.00498777594583709,-0.426256415529085,-0.0037118428435331,-0.715199248834042,-0.00622795837615664,BTC,0,
106,1/3/2022 5:00:00 AM,1.02080224407557,0.0102080224407557,-0.734240188700829,-0.00632063048074871,-0.972760819686709,-0.00846529590771494,BTC,0,
107,1/4/2022 5:00:00 AM,-0.082600404391302,-0.00082600404391302,-1.03354906790283,-0.00888063298038699,-1.26898433114342,-0.0109035791843085,BTC,0,
108,1/5/2022 5:00:00 AM,-1.12823821432425,-0.0112823821432424,-1.58077185215923,-0.0136507204764578,-1.99235129604213,-0.0172049056896035,BTC,0,
109,1/6/2022 5:00:00 AM,-1.11550548759992,-0.0111550548759992,-1.46261621480344,-0.0127663937028604,-1.85610315820496,-0.0162009305181613,BTC,0,
110,1/7/2022 5:00:00 AM,0.292069488948238,0.00292069488948238,-0.119191456318191,-0.00104999389170124,-0.954569816248551,-0.00840909665192446,BTC,0,
111,1/8/2022 5:00:00 AM,0.775258912162489,0.00775258912162488,-1.19388631311274,-0.010348658572271,-1.41570441331777,-0.0122713875280848,BTC,0,
112,1/9/2022 5:00:00 AM,-1.39487805197285,-0.0139487805197285,-1.44923372855698,-0.012687340312399,-2.08510371871093,-0.0182540745116906,BTC,0,
113,1/10/2022 5:00:00 AM,-1.4924129558863,-0.014924129558863,-1.94271772250404,-0.0171575995943162,-2.80674874066855,-0.0247885065835353,BTC,0,
114,1/11/2022 5:00:00 AM,0.0297668609432069,0.000297668609432069,-0.0333540956180496,-0.000299547603763384,-1.50218305231378,-0.0134978307090534,BTC,0,
115,1/12/2022 5:00:00 AM,0.652647832891846,0.00652647832891846,-0.210984869231419,-0.00188079580468836,-0.671483135637402,-0.00603096251689683,BTC,0,
116,1/13/2022 5:00:00 AM,0.834636702577029,0.00834636702577029,-0.139181160574926,-0.0012323313857785,-1.15264754244824,-0.0102149242668721,BTC,0,
117,1/14/2022 5:00:00 AM,-0.35219865899327,-0.0035219865899327,-0.378720824170584,-0.00335660059018017,-1.17060765400945,-0.010375089225481,BTC,0,
118,1/15/2022 5:00:00 AM,0.411781419328557,0.00411781419328557,-0.358452454912946,-0.00316597627638437,-0.708421532528359,-0.00625923386507721,BTC,0,
119,1/16/2022 5:00:00 AM,1.50307080806597,0.0150307080806596,-0.438711335999805,-0.00382140995165825,-0.507249821261075,-0.00446697499720261,BTC,0,
120,1/17/2022 5:00:00 AM,-1.4363098295364,-0.014363098295364,-1.66028925616956,-0.0144891066544417,-1.66028925616956,-0.0144891066544417,BTC,0,
121,1/18/2022 5:00:00 AM,1.15472206238793,0.0115472206238793,-0.246382553672539,-0.00215501964255038,-1.10615445288592,-0.00974865951193415,BTC,0,
122,1/19/2022 5:00:00 AM,0.442961791894181,0.00442961791894181,-0.322328522338282,-0.00280655363003801,-1.1907771391679,-0.0103682413155811,BTC,0,
123,1/20/2022 5:00:00 AM,0.934731474461646,0.00934731474461646,-2.12687623718612,-0.0180875593029757,-2.15916864448159,-0.0183621831018506,BTC,0,
124,1/21/2022 5:00:00 AM,1.5280010908294,0.015280010908294,-1.09813278488777,-0.00929934949796896,-1.7677627306824,-0.0149699960590647,BTC,0,
125,1/22/2022 5:00:00 AM,0.0804610061837465,0.000804610061837465,-0.307935809970601,-0.00262346947044656,-2.06245592717893,-0.0176060928906205,BTC,0,
126,1/23/2022 5:00:00 AM,0.419151194423133,0.00419151194423133,-1.18045466444338,-0.00994745708280897,-1.53430883479857,-0.0129293159200909,BTC,0,
127,1/24/2022 5:00:00 AM,2.50831632068298,0.0250831632068297,-0.711560986128596,-0.00589487495348984,-0.732083570237084,-0.00606489280073053,BTC,0,
128,1/25/2022 5:00:00 AM,-2.26060513255186,-0.0226060513255185,-2.76111532151463,-0.0229143221625969,-3.35962427427943,-0.0278813102684498,BTC,0,
129,1/26/2022 5:00:00 AM,0.344226668564431,0.00344226668564431,-1.15914970804824,-0.00972117908482295,-1.17275626364803,-0.00983529011189288,BTC,0,
130,1/27/2022 5:00:00 AM,-0.799278591365983,-0.00799278591365983,-0.810783270556623,-0.00686569316068353,-1.06438848804031,-0.00901321601965444,BTC,0,
131,1/28/2022 5:00:00 AM,-1.88844812225996,-0.0188844812225996,-2.36824797619218,-0.0201106319531994,-2.43512123934884,-0.0206785047420175,BTC,0,
132,1/29/2022 5:00:00 AM,0.575531008165369,0.00575531008165368,0,0,-0.706426164196834,-0.00612190356921871,BTC,0,
133,1/30/2022 5:00:00 AM,-0.0958909202440541,-0.00095890920244054,-0.923077270708307,-0.00790336590806939,-1.05794909438839,-0.0090581352941842,BTC,0,
134,1/31/2022 5:00:00 AM,-0.756706287199034,-0.00756706287199033,-1.43434979503401,-0.0123067305916285,-1.53920096411453,-0.0132063543058428,BTC,0,
135,2/1/2022 5:00:00 AM,0.881565587332398,0.00881565587332397,-0.0646724591337957,-0.000557223775231153,-0.595372838292704,-0.00517200658230876,BTC,0,
136,2/2/2022 5:00:00 AM,-0.947001992996755,-0.00947001992996755,-1.43882738240892,-0.0123516085459767,-1.50023163800331,-0.0128787331596947,BTC,0,
137,2/3/2022 5:00:00 AM,0.550473377619197,0.00550473377619196,-0.454463883824861,-0.0039159293665797,-0.612766466322203,-0.00527995795866387,BTC,0,
138,2/4/2022 5:00:00 AM,1.99165258536044,0.0199165258536044,-0.280353794229185,-0.00237844507642482,-1.00490077042123,-0.00859043067339593,BTC,0,
139,2/5/2022 5:00:00 AM,2.08111211925854,0.0208111211925854,-0.0305330524737215,-0.000255071252212247,-0.9243972320068,-0.00778338461975669,BTC,0,
140,2/6/2022 5:00:00 AM,-1.14449559324813,-0.0114449559324813,-1.60981069568221,-0.0133995908308092,-1.78674829255639,-0.0148723673548191,BTC,0,
141,2/7/2022 5:00:00 AM,-1.1239771248997,-0.011239771248997,-1.37671315030239,-0.0115902779204983,-1.48549209080088,-0.0125060664796458,BTC,0,
142,2/8/2022 5:00:00 AM,1.32377124025192,0.0132377124025192,-0.384579625972371,-0.00322868595375381,-1.00232187911674,-0.00849753787331053,BTC,0,
143,2/9/2022 5:00:00 AM,1.72351144813863,0.0172351144813863,-0.164253684450177,-0.00136178404417475,-0.673295407716953,-0.00558248247801751,BTC,0,
144,2/10/2022 5:00:00 AM,2.68430827732843,0.0268430827732843,-0.255188549785156,-0.00206811617413971,-0.6298928924611,-0.00510482025926007,BTC,0,
145,2/11/2022 5:00:00 AM,0.161112792717834,0.00161112792717834,-0.432023771092826,-0.0034916729771346,-1.15555599528923,-0.00933935563802657,BTC,0,
146,2/12/2022 5:00:00 AM,-0.912060358980376,-0.00912060358980376,-0.917253799051643,-0.00743902833273702,-1.38931300372001,-0.0112674799585444,BTC,0,
147,2/13/2022 5:00:00 AM,-2.13221800874226,-0.0213221800874226,-2.19498122706351,-0.0179257628522566,-2.22909462386486,-0.0182043568801262,BTC,0,
148,2/14/2022 5:00:00 AM,0.252697286293298,0.00252697286293298,-0.202217767308952,-0.00167525917898681,-1.00533359967595,-0.00834708081416724,BTC,0,
149,2/15/2022 5:00:00 AM,0.71498540643061,0.0071498540643061,-0.09176426879052,-0.000756426433511814,-0.804956968305373,-0.00666467947253346,BTC,0,
150,2/16/2022 5:00:00 AM,0.216027470094442,0.00216027470094442,-0.663256879166109,-0.00543206149499931,-1.37047038944388,-0.0112241269806271,BTC,0,
151,2/17/2022 5:00:00 AM,0.270042449775246,0.00270042449775246,-0.391347115022469,-0.00320517460538972,-0.961221559524169,-0.00787250707741427,BTC,0,
152,2/18/2022 5:00:00 AM,1.59932150282964,0.0159932150282964,-0.421278228949586,-0.0034048797470807,-0.733193185166236,-0.00592585720153349,BTC,0,
153,2/19/2022 5:00:00 AM,-1.13092054758496,-0.0113092054758496,-1.29806736958288,-0.0105129097008489,-1.66137368224724,-0.013455288924214,BTC,0,
154,2/20/2022 5:00:00 AM,-1.05928737640981,-0.0105928737640981,-1.14085769604813,-0.00933162302527368,-1.32292183445064,-0.0108208130547388,BTC,0,
155,2/21/2022 5:00:00 AM,2.38995809972033,0.0238995809972033,-0.264268046211726,-0.00213514523304292,-2.67672406255117,-0.0220372295415794,BTC,0,
156,2/22/2022 5:00:00 AM,1.76650152039177,0.0176650152039177,0,0,-0.984904345085468,-0.00795537172613725,BTC,0,
157,2/23/2022 5:00:00 AM,5.67288874004896,0.0567288874004896,0,0,-0.479277813388723,-0.00380802725976637,BTC,0,
158,2/24/2022 5:00:00 AM,-0.796434715726029,-0.00796434715726029,-1.59438678377443,-0.0121021954294747,-2.80838082272735,-0.0213170191216562,BTC,0,
159,2/25/2022 5:00:00 AM,-0.94635905120688,-0.00946359051206879,-1.10959318676484,-0.00851486727749773,-1.37750798944534,-0.0105708090530171,BTC,0,
160,2/26/2022 5:00:00 AM,-0.459877767157185,-0.00459877767157184,-0.661766668031159,-0.00511392903058616,-1.52948860344431,-0.011819416947026,BTC,0,
161,2/27/2022 5:00:00 AM,-2.38376562911692,-0.0238376562911692,-2.70394317196966,-0.0209505432552587,-2.91104942647682,-0.0225552325063002,BTC,0,
162,2/28/2022 5:00:00 AM,2.36168067804102,0.0236168067804101,-0.376559288198774,-0.00291686077817233,-1.04391643225334,-0.00808626687046965,BTC,0,
163,3/1/2022 5:00:00 AM,0.429741061499218,0.00429741061499218,-1.04335774948882,-0.00801387033341749,-2.07264698263109,-0.0160369473050123,BTC,0,
164,3/2/2022 5:00:00 AM,0.845752213686101,0.008457522136861,-0.677081645141357,-0.00518147768058808,-1.10271679951803,-0.00843872009485536,BTC,0,
165,3/3/2022 5:00:00 AM,-0.935696796972806,-0.00935696796972806,-1.048782809663,-0.00806077228972668,-1.11996573122546,-0.00860787252472861,BTC,0,
166,3/4/2022 5:00:00 AM,1.00145069312715,0.0100145069312715,-0.00366936458081568,-2.82116004279853E-05,-0.678376428595918,-0.00521994928556369,BTC,0,
167,3/5/2022 5:00:00 AM,0.207853630604109,0.00207853630604109,-0.190948946669891,-0.00146364840028468,-0.888421490763697,-0.00682224637361573,BTC,0,
168,3/6/2022 5:00:00 AM,-0.902542018355842,-0.00902542018355841,-0.964409193743528,-0.00739964275906224,-2.55643545736512,-0.0196148162458646,BTC,0,
169,3/7/2022 5:00:00 AM,2.18319324746317,0.0218319324746317,-0.225328321836471,-0.00170993482478798,-0.690954272502026,-0.00529494577954359,BTC,0,
170,3/8/2022 5:00:00 AM,-0.584767934740295,-0.00584767934740295,-0.656256660769589,-0.00498591425244721,-2.4995688855889,-0.0189904908805297,BTC,0,
171,3/9/2022 5:00:00 AM,-0.350539690408063,-0.00350539690408062,-0.589962131118135,-0.00449648104079881,-2.62927576043758,-0.0200394025044169,BTC,0,
172,3/10/2022 5:00:00 AM,-1.91052391748162,-0.0191052391748162,-1.91211198818739,-0.0146390830748306,-1.91211198818739,-0.0146390830748306,BTC,0,
173,3/11/2022 5:00:00 AM,0.477345130717563,0.00477345130717562,-0.260342060985888,-0.00201125646063027,-0.993985346316414,-0.00767897220287839,BTC,0,
174,3/12/2022 5:00:00 AM,-0.703196109345669,-0.00703196109345668,-0.779032054784093,-0.00602695463250535,-1.211189599588,-0.00937032657802817,BTC,0,
175,3/13/2022 5:00:00 AM,0.0267343479449949,0.000267343479449948,-0.71490569359813,-0.00553244368661976,-0.718388577305955,-0.00555939669336325,BTC,0,
176,3/14/2022 4:00:00 AM,-0.1873703101367,-0.001873703101367,-0.398268471200989,-0.00309415020267945,-0.856295582683053,-0.00665256564930317,BTC,0,
177,3/15/2022 4:00:00 AM,2.01956471735872,0.0201956471735872,-0.761242383264999,-0.00580661653438874,-0.841185773549306,-0.00641640997474979,BTC,0,
178,3/16/2022 4:00:00 AM,-2.017711138616,-0.02017711138616,-2.15061310824239,-0.0164834833464166,-2.40625057037275,-0.0184428296526378,BTC,0,
179,3/17/2022 4:00:00 AM,1.23292370234522,0.0123292370234522,-0.372715709856116,-0.00286868089812997,-0.825662761034938,-0.00635487833821791,BTC,0,
180,3/18/2022 4:00:00 AM,-0.193770436531153,-0.00193770436531153,-1.66933043568737,-0.0127401930023847,-1.95700278857352,-0.0149356848108777,BTC,0,
181,3/19/2022 4:00:00 AM,-0.770254364034866,-0.00770254364034865,-0.824389510769791,-0.0063701988304582,-2.38704956791239,-0.0184451405156315,BTC,0,
182,3/20/2022 4:00:00 AM,-0.379103121617231,-0.0037910312161723,-0.432342295307105,-0.00336080933047367,-1.33665682040025,-0.0103904909660796,BTC,0,
183,3/21/2022 4:00:00 AM,2.19928288703478,0.0219928288703478,-1.05341198070349,-0.00801301231423246,-1.88790876686556,-0.0143607975551393,BTC,0,
184,3/22/2022 4:00:00 AM,-1.7295496786706,-0.017295496786706,-1.75296353153454,-0.013439604724465,-1.9468781927402,-0.0149263078703092,BTC,0,
185,3/23/2022 4:00:00 AM,0.814320848922101,0.008143208489221,-0.096625146844751,-0.000745618181626884,-1.11663461416537,-0.00861662929106399,BTC,0,
186,3/24/2022 4:00:00 AM,-1.29626395045036,-0.0129626395045036,-1.62497257593284,-0.0125168566260662,-1.9358864754555,-0.0149117676301133,BTC,0,
187,3/25/2022 4:00:00 AM,-1.89283480411304,-0.0189283480411304,-1.92419441400194,-0.0150059079040474,-2.3838563235678,-0.0185905998830652,BTC,0,
188,3/26/2022 4:00:00 AM,-2.9697983137364,-0.029697983137364,-2.97364200233835,-0.0235426403334164,-3.18770864976617,-0.0252374287725796,BTC,0,
189,3/27/2022 4:00:00 AM,-0.161946453454931,-0.00161946453454931,-1.83423538816901,-0.0146730121799072,-2.0054341812783,-0.0160425212367494,BTC,0,
190,3/28/2022 4:00:00 AM,2.73861667761951,0.0273861667761951,-0.186046757411926,-0.0014754158068917,-0.691845425323002,-0.00560855591622933,BTC,0,
191,3/29/2022 4:00:00 AM,1.37481449594185,0.0137481449594185,-0.0832295346741496,-0.000653447720097122,-1.72855522801465,-0.0136241468396152,BTC,0,
192,3/30/2022 4:00:00 AM,-6.15917223596068,-0.0615917223596068,-6.19095001466761,-0.0486257316645581,-6.2691262171868,-0.0492397529435615,BTC,0,
193,3/31/2022 4:00:00 AM,-0.262388707741348,-0.00262388707741348,-1.01719979511248,-0.00834575798366699,-1.55998384360286,-0.0127991056228047,BTC,0,
194,4/1/2022 4:00:00 AM,-0.331587566855763,-0.00331587566855763,-1.99368291897985,-0.0162713563873398,-2.45604764145842,-0.0200449259498617,BTC,0,
195,4/2/2022 4:00:00 AM,-0.0746675592178718,-0.000746675592178718,-1.04626787890583,-0.00861089915305524,-2.03512640292586,-0.0167493130321856,BTC,0,
196,4/3/2022 4:00:00 AM,-0.501535804031921,-0.0050153580403192,-0.99087171787761,-0.0081925340744311,-1.60618756399605,-0.0132799696575764,BTC,0,
197,4/4/2022 4:00:00 AM,0.678916292535114,0.00678916292535113,-1.21922936605763,-0.0100055416157643,-1.26112522993144,-0.0104610053777919,BTC,0,
198,4/5/2022 4:00:00 AM,-1.49568620198887,-0.0149568620198887,-1.81410324574068,-0.0149982166471249,-2.41386545004896,-0.0199567897041395,BTC,0,
199,4/6/2022 4:00:00 AM,0.435687007659851,0.00435687007659851,-1.12642295467386,-0.00933221755628377,-2.53127302099744,-0.0209711551316345,BTC,0,
200,4/7/2022 4:00:00 AM,-0.812859506703933,-0.00812859506703933,-1.67881023696728,-0.0139387290840761,-1.68624837332103,-0.0140004860148132,BTC,0,
201,4/8/2022 4:00:00 AM,-0.586291497351368,-0.00586291497351368,-0.987056360740759,-0.00828316983239985,-1.55773303849032,-0.0130721687479652,BTC,0,
202,4/9/2022 4:00:00 AM,0.980004292956416,0.00980004292956415,-0.358415158663743,-0.00299890233388567,-0.687121168463236,-0.00574922467969585,BTC,0,
203,4/10/2022 4:00:00 AM,-0.49633058594058,-0.0049633058594058,-0.508967604903248,-0.00427094915698367,-0.819387678376806,-0.00687580718397884,BTC,0,
204,4/11/2022 4:00:00 AM,2.09984200369102,0.0209984200369101,-0.0519859634217283,-0.000430302742070898,-0.821964780951621,-0.0069247739875774,BTC,0,
205,4/12/2022 4:00:00 AM,0.246318321646655,0.00246318321646655,-0.969056349630517,-0.0079446529357563,-1.0421129495737,-0.00854359574381502,BTC,0,
206,4/13/2022 4:00:00 AM,-0.624087995356547,-0.00624087995356546,-0.822505117525388,-0.00678605019009049,-1.42917826865826,-0.0117913861628979,BTC,0,
207,4/14/2022 4:00:00 AM,-0.074995527489655,-0.000749955274896549,-0.339192272809825,-0.00281144455196503,-1.41069837860092,-0.0116927789602305,BTC,0,
208,4/15/2022 4:00:00 AM,-0.588099985938534,-0.00588099985938534,-0.602918877037265,-0.0050108531794345,-0.972358990890402,-0.00808126652958296,BTC,0,
209,4/16/2022 4:00:00 AM,-0.0266380070072891,-0.000266380070072891,-0.676460021546596,-0.00561986226030109,-0.912022662998428,-0.0075768583228405,BTC,0,
210,4/17/2022 4:00:00 AM,-1.97261643211925,-0.0197261643211925,-2.15520607054319,-0.0179786837540213,-2.17182430578256,-0.0181173127231961,BTC,0,
211,4/18/2022 4:00:00 AM,-0.465435865882306,-0.00465435865882305,-0.820310960085013,-0.00694735440585426,-1.08607202247962,-0.00919813048659845,BTC,0,
212,4/19/2022 4:00:00 AM,-0.00173729545527479,-1.73729545527479E-05,-0.562954616171616,-0.00477824427156559,-0.643405748674176,-0.00546109711969667,BTC,0,
213,4/20/2022 4:00:00 AM,-0.650046422140935,-0.00650046422140935,-1.21602719854671,-0.0103211264067907,-1.73349510337151,-0.0147131759131973,BTC,0,
214,4/21/2022 4:00:00 AM,-0.190067724881974,-0.00190067724881974,-0.953506855220866,-0.00812417237038288,-1.12403238470477,-0.0095804956483303,BTC,0,
215,4/22/2022 4:00:00 AM,0.198015519834705,0.00198015519834705,-0.648113673275155,-0.00552718507891037,-0.967643567575095,-0.00825217135348721,BTC,0,
216,4/23/2022 4:00:00 AM,-0.676406980525467,-0.00676406980525467,-0.786359058608657,-0.0067370768381475,-0.806033037411149,-0.00690563229058816,BTC,0,
217,4/24/2022 4:00:00 AM,0.156055695371652,0.00156055695371652,-0.576227337833966,-0.00493907609373667,-0.792315206867604,-0.00679353719133546,BTC,0,
218,4/25/2022 4:00:00 AM,1.77917727292475,0.0177917727292475,-0.183498491065524,-0.00155436751052118,-0.733349016974284,-0.00621200686304502,BTC,0,
219,4/26/2022 4:00:00 AM,0.206419594188255,0.00206419594188254,-0.406654280775793,-0.00343217252063055,-0.805921536400643,-0.00681960435951989,BTC,0,
220,4/27/2022 4:00:00 AM,-0.591670484546718,-0.00591670484546718,-0.896577782586757,-0.00757364323893051,-1.57671710872489,-0.0133189703137048,BTC,0,
221,4/28/2022 4:00:00 AM,0.652041171497075,0.00652041171497075,-0.566084240050994,-0.00476891851992056,-0.659131610518546,-0.00555278653259061,BTC,0,
222,4/29/2022 4:00:00 AM,-0.845732840772516,-0.00845732840772516,-1.11958460918612,-0.00945510286383877,-1.5261987681555,-0.0128890360095826,BTC,0,
223,4/30/2022 4:00:00 AM,0.812946327318414,0.00812946327318414,-0.842057534294863,-0.00707932375825426,-1.04974003547287,-0.00882534657128486,BTC,0,
224,5/1/2022 4:00:00 AM,-1.86121078619863,-0.0186121078619863,-1.88392660072521,-0.0159483555499613,-2.29063845356762,-0.0193913693239679,BTC,0,
225,5/2/2022 4:00:00 AM,-0.984443547319817,-0.00984443547319816,-1.16678660784475,-0.0100217775177902,-1.90786061406745,-0.0163870192549233,BTC,0,
226,5/3/2022 4:00:00 AM,-1.07221224405832,-0.0107221224405832,-1.73210923357544,-0.0149425098270383,-2.28257179516809,-0.0196912243287419,BTC,0,
227,5/4/2022 4:00:00 AM,-6.18795347922657,-0.0618795347922657,-6.2167477044668,-0.0544302634534395,-6.59665808949717,-0.057756540041927,BTC,0,
228,5/5/2022 4:00:00 AM,0.516962766997873,0.00516962766997872,-0.594601683854295,-0.0054495753521886,-0.676832911027955,-0.00620323159123748,BTC,0,
229,5/6/2022 4:00:00 AM,-0.925136167963339,-0.00925136167963339,-1.63071235165664,-0.0149304327458838,-2.46185959342658,-0.0225402285400753,BTC,0,
230,5/7/2022 4:00:00 AM,-0.949746458079629,-0.00949746458079628,-0.94727844362656,-0.00880472405823396,-1.70281688326326,-0.0158272711468408,BTC,0,
231,5/8/2022 4:00:00 AM,1.21043768676192,0.0121043768676192,-0.64310990327704,-0.00592761941743025,-0.760952245831502,-0.00701378611205261,BTC,0,
232,5/9/2022 4:00:00 AM,0.608779980303039,0.00608779980303039,-1.77402737734066,-0.0160933614575478,-3.61044930258368,-0.0327527446265972,BTC,0,
233,5/10/2022 4:00:00 AM,5.69152427541515,0.0569152427541514,0,0,-0.798984397149193,-0.00706891942350441,BTC,0,
234,5/11/2022 4:00:00 AM,7.3810926568843,0.073810926568843,-4.03218777360339,-0.0321125420726891,-6.65844939298673,-0.0530282189909216,BTC,0,
235,5/12/2022 4:00:00 AM,6.06552376286611,0.060655237628661,-0.0803201747127247,-0.000629084287822601,-1.99902578557926,-0.0162973978220063,BTC,0,
236,5/13/2022 4:00:00 AM,0.0498921598121242,0.000498921598121242,-1.58645104522212,-0.0122758075927791,-3.86621145518185,-0.0299163772369451,BTC,0,
237,5/14/2022 4:00:00 AM,1.65880833904635,0.0165880833904634,-1.71099458363931,-0.013059303025989,-2.3356353975837,-0.017826924004864,BTC,0,
238,5/15/2022 4:00:00 AM,-0.539101559235515,-0.00539101559235515,-1.1569895110371,-0.00890511233849423,-2.64796330488688,-0.0203808335972649,BTC,0,
239,5/16/2022 4:00:00 AM,-1.25831227780914,-0.0125831227780914,-1.96004058893551,-0.0151390808666001,-1.96004058893551,-0.0151390808666001,BTC,0,
240,5/17/2022 4:00:00 AM,0.452409190276377,0.00452409190276377,-1.01883011737515,-0.00789912472395393,-1.66139225841735,-0.0128809940350612,BTC,0,
241,5/18/2022 4:00:00 AM,-1.06669146650125,-0.0106669146650125,-1.20849467745276,-0.00943376598897916,-2.16311209260383,-0.0168945932583516,BTC,0,
242,5/19/2022 4:00:00 AM,-0.689133636073144,-0.00689133636073144,-1.50760201782931,-0.0118046020043322,-1.70129055285209,-0.0133211932808802,BTC,0,
243,5/20/2022 4:00:00 AM,0.672050658765585,0.00672050658765584,-0.197213084120825,-0.00155194564739269,-0.473569321369684,-0.00374087666692124,BTC,0,
244,5/21/2022 4:00:00 AM,0.28836108651517,0.0028836108651517,-1.36107666427911,-0.0105898144054521,-1.9647500466331,-0.0152866762710739,BTC,0,
245,5/22/2022 4:00:00 AM,-1.30915873376669,-0.0130915873376669,-1.32671912289307,-0.0104315394553816,-1.86316318390301,-0.0146494159384065,BTC,0,
246,5/23/2022 4:00:00 AM,1.58696717161391,0.0158696717161391,-0.265721341475842,-0.00208067152357472,-0.442811406351506,-0.00349759189490828,BTC,0,
247,5/24/2022 4:00:00 AM,2.56315731818622,0.0256315731818622,-0.762536379537202,-0.00583115360144382,-1.43026099247735,-0.010937276910448,BTC,0,
248,5/25/2022 4:00:00 AM,-0.114627801058859,-0.00114627801058859,-0.387264838862539,-0.00297256956609548,-0.674056758005921,-0.00517392854604259,BTC,0,
249,5/26/2022 4:00:00 AM,1.94583598260943,0.0194583598260943,-1.3166627466869,-0.00988821677134433,-1.43361601121964,-0.0107665428534988,BTC,0,
250,5/27/2022 4:00:00 AM,1.80555347006596,0.0180555347006595,-0.788582909444365,-0.00586602718805929,-1.13714112795724,-0.00845884521889728,BTC,0,
251,5/28/2022 4:00:00 AM,-0.271709443615485,-0.00271709443615485,-0.426089239139841,-0.00318457126209859,-2.07752459664349,-0.0155273227273468,BTC,0,
252,5/29/2022 4:00:00 AM,-1.17708540819562,-0.0117708540819562,-1.29257119094909,-0.00968309597203243,-1.8936582142579,-0.0141860458868985,BTC,0,
253,5/30/2022 4:00:00 AM,-1.20256602939091,-0.0120256602939091,-3.44177977193573,-0.0256019978930843,-4.3413892570076,-0.032293826443304,BTC,0,
254,5/31/2022 4:00:00 AM,1.60332012802597,0.0160332012802597,-0.78896232769798,-0.00591494611411725,-1.15701581529076,-0.00867428768189038,BTC,0,
255,6/1/2022 4:00:00 AM,1.12383360531527,0.0112383360531527,-0.81351844432352,-0.00604698407840154,-1.15954321964072,-0.00861902939793391,BTC,0,
256,6/2/2022 4:00:00 AM,1.25026688129896,0.0125026688129895,-0.353328561102678,-0.002611001534918,-1.05091669320996,-0.00776896670403993,BTC,0,
257,6/3/2022 4:00:00 AM,0.804346441483126,0.00804346441483126,-0.571385416312417,-0.0041907200526472,-0.571385416312417,-0.0041907200526472,BTC,0,
258,6/4/2022 4:00:00 AM,-0.948667163306318,-0.00948667163306318,-1.48463761015737,-0.0108916274349176,-1.62108507724491,-0.01189263600818,BTC,0,
259,6/5/2022 4:00:00 AM,-0.935001810915324,-0.00935001810915323,-1.0134526415947,-0.00751240979747581,-1.33947806813208,-0.00992913506713589,BTC,0,
260,6/6/2022 4:00:00 AM,0.620025016635111,0.00620025016635111,-0.448734902955977,-0.00332496936560933,-0.736442717779184,-0.00545678408345729,BTC,0,
261,6/7/2022 4:00:00 AM,-1.35538316438062,-0.0135538316438062,-1.62352646465683,-0.012045884583793,-1.75367927531491,-0.0130115637824842,BTC,0,
262,6/8/2022 4:00:00 AM,-0.830267557623209,-0.00830267557623209,-0.881990496548418,-0.00662121653684722,-0.881990496548418,-0.00662121653684722,BTC,0,
263,6/9/2022 4:00:00 AM,-0.421845260929953,-0.00421845260929952,-1.2157384623823,-0.0091327456208995,-1.61311661746707,-0.0121178889868337,BTC,0,
264,6/10/2022 4:00:00 AM,-0.0419952443441574,-0.000419952443441573,-0.877533763299684,-0.00661100068627818,-1.55615000391789,-0.0117234335294056,BTC,0,
265,6/11/2022 4:00:00 AM,1.55058452401182,0.0155058452401182,-0.251515075681958,-0.00188171078543842,-2.85207947340005,-0.0216019711924574,BTC,0,
266,6/12/2022 4:00:00 AM,0.597529854641024,0.00597529854641024,-0.543810729674007,-0.00404161561502703,-2.07489431365433,-0.0154853012757153,BTC,0,
267,6/13/2022 4:00:00 AM,0.497594336624914,0.00497594336624914,-2.48394434980673,-0.018132233247256,-3.04444405934637,-0.0222237546491678,BTC,0,
268,6/14/2022 4:00:00 AM,-1.18658863138804,-0.0118658863138804,-1.3467290112148,-0.0100004581072303,-1.50930634214227,-0.0112077149299364,BTC,0,
269,6/15/2022 4:00:00 AM,2.59224986859811,0.0259224986859811,-1.35629977751837,-0.00988062999183426,-1.35629977751837,-0.00988062999183426,BTC,0,
270,6/16/2022 4:00:00 AM,0.479549567722813,0.00479549567722813,-0.0416737063272166,-0.000305450740733626,-2.28780807927581,-0.0167925376116883,BTC,0,
271,6/17/2022 4:00:00 AM,-0.26513697129954,-0.0026513697129954,-0.34978458888525,-0.0025629666431588,-1.37839014831526,-0.010099838825517,BTC,0,
272,6/18/2022 4:00:00 AM,-2.12389629901152,-0.0212389629901152,-2.5402650577723,-0.0186041351249969,-2.56522903451874,-0.0187869637614129,BTC,0,
273,6/19/2022 4:00:00 AM,-0.0460644506058898,-0.000460644506058898,-0.389509993908064,-0.00289930010275374,-0.902117215827175,-0.00672824388504645,BTC,0,
274,6/20/2022 4:00:00 AM,-1.81836040867762,-0.0181836040867762,-1.81995602118391,-0.0135859892047091,-2.25897651424546,-0.0168632814084516,BTC,0,
275,6/21/2022 4:00:00 AM,-0.038300430236923,-0.00038300430236923,-1.29424019640296,-0.00970236623014364,-1.74773283886314,-0.0131020069707519,BTC,0,
276,6/22/2022 4:00:00 AM,0.833633955601982,0.00833633955601982,-1.66724319352834,-0.0123865660182162,-1.69641925400235,-0.0126033257570567,BTC,0,
277,6/23/2022 4:00:00 AM,1.58161269554255,0.0158161269554255,-0.705063889403178,-0.00521418460118894,-0.940139997807591,-0.00706139894492419,BTC,0,
278,6/24/2022 4:00:00 AM,-0.153970286931319,-0.00153970286931319,-1.68877718317794,-0.0124129068337701,-2.03582329311102,-0.014963776819777,BTC,0,
279,6/25/2022 4:00:00 AM,-0.799623322650596,-0.00799623322650596,-0.95214145254441,-0.00707839033198432,-1.26874233511179,-0.00943205807775249,BTC,0,
280,6/26/2022 4:00:00 AM,-1.9149261194349,-0.019149261194349,-1.96932931222065,-0.0147387127121664,-2.37842335224921,-0.0178004248853536,BTC,0,
281,6/27/2022 4:00:00 AM,-1.31715385329352,-0.0131715385329352,-1.61036270130458,-0.0122052671712781,-2.31807649133026,-0.0175691742470337,BTC,0,
282,6/28/2022 4:00:00 AM,-2.30585758757664,-0.0230585758757664,-2.30446722621907,-0.0176820270471013,-2.30446722621907,-0.0176820270471013,BTC,0,
283,6/29/2022 4:00:00 AM,1.89550840109965,0.0189550840109965,-0.132334609094421,-0.00101755462259789,-0.647197826681897,-0.00501757973035244,BTC,0,
284,6/30/2022 4:00:00 AM,-0.104911668737778,-0.00104911668737778,-0.624894061457219,-0.00479069038703372,-0.885640479419056,-0.00678967779150719,BTC,0,
285,7/1/2022 4:00:00 AM,1.44470173885107,0.0144470173885107,-0.333298123965022,-0.00253280763710761,-1.16393373567288,-0.00884499504446301,BTC,0,
286,7/2/2022 4:00:00 AM,0.898137236164338,0.00898137236164337,-0.320374284350379,-0.00241832852227786,-0.939027544656398,-0.00708820028752244,BTC,0,
287,7/3/2022 4:00:00 AM,-0.262857324896501,-0.00262857324896501,-0.967519079049204,-0.00728214329320787,-1.40166472980699,-0.0105497903168179,BTC,0,
288,7/4/2022 4:00:00 AM,0.172106705510231,0.00172106705510231,-0.482570392496683,-0.00364069392247668,-0.77963441683459,-0.00588185750153114,BTC,0,
289,7/5/2022 4:00:00 AM,0.770541061816843,0.00770541061816842,-1.02757038717102,-0.00767619464944236,-1.04938242277907,-0.00783913573174511,BTC,0,
290,7/6/2022 4:00:00 AM,-0.738067196010753,-0.00738067196010753,-0.932294541124584,-0.0070080887156031,-1.15274008253838,-0.00866518509774383,BTC,0,
291,7/7/2022 4:00:00 AM,-0.125404048495223,-0.00125404048495223,-0.592645799551324,-0.00447056624092312,-0.909627558204615,-0.00686168746425198,BTC,0,
292,7/8/2022 4:00:00 AM,-1.94688224321652,-0.0194688224321652,-2.03375796876235,-0.0154002117517404,-2.16229189746268,-0.0163735083532396,BTC,0,
293,7/9/2022 4:00:00 AM,-1.12684522354096,-0.0112684522354096,-1.12681047661659,-0.00866599988661554,-1.21098246994278,-0.00931334431565478,BTC,0,
294,7/10/2022 4:00:00 AM,0.355483998258908,0.00355483998258908,-0.169734027302336,-0.00131144694665386,-0.573721073155266,-0.00444539777207398,BTC,0,
295,7/11/2022 4:00:00 AM,-0.114213386398543,-0.00114213386398543,-0.870175414436236,-0.00669307871338154,-0.890477172819015,-0.00684923259295789,BTC,0,
296,7/12/2022 4:00:00 AM,0.612884215059594,0.00612884215059594,-0.0817123313764583,-0.000629352022589624,-0.717685987872674,-0.00554035171308132,BTC,0,
297,7/13/2022 4:00:00 AM,-2.08124163216669,-0.0208124163216669,-2.27841227530849,-0.0175328416725472,-2.32352808696094,-0.0178800169363058,BTC,0,
298,7/14/2022 4:00:00 AM,1.13647453500259,0.0113647453500259,-0.774302399920266,-0.00597531736844381,-0.976618100176463,-0.0076205878342257,BTC,0,
299,7/15/2022 4:00:00 AM,-1.03566872513161,-0.0103566872513161,-1.4687436735107,-0.0113642688848268,-1.55058490051691,-0.0119975078402256,BTC,0,
300,7/16/2022 4:00:00 AM,0.0447230220313948,0.000447230220313947,-0.545179693538746,-0.00424715812813925,-1.4722244061977,-0.0114691906674675,BTC,0,
301,7/17/2022 4:00:00 AM,-1.63822778588147,-0.0163822778588147,-2.11156181840034,-0.0164590856370882,-2.97397408570185,-0.0231813692275085,BTC,0,
302,7/18/2022 4:00:00 AM,1.66781743922093,0.0166781743922093,-0.991133554115958,-0.00769280981438969,-1.15845642261488,-0.00903708733166642,BTC,0,
303,7/19/2022 4:00:00 AM,-1.92899679030091,-0.0192899679030091,-3.98144707955911,-0.0306500295922673,-4.01326711020604,-0.0308949869812433,BTC,0,
304,7/20/2022 4:00:00 AM,0.579672195024241,0.0057967219502424,-0.738811129523818,-0.00580656066135343,-1.17962977012186,-0.00928709134613004,BTC,0,
305,7/21/2022 4:00:00 AM,1.63227073789859,0.0163227073789859,-0.46734160033769,-0.00363412506087479,-0.809708373815347,-0.0062964253367479,BTC,0,
306,7/22/2022 4:00:00 AM,-1.38319247060858,-0.0138319247060858,-1.77391480327576,-0.013802476506606,-1.77391480327576,-0.013802476506606,BTC,0,
307,7/23/2022 4:00:00 AM,-0.759747959357913,-0.00759747959357913,-0.904928269680806,-0.00713144173049385,-1.07180840918394,-0.00844656916182396,BTC,0,
308,7/24/2022 4:00:00 AM,0.502926268699898,0.00502926268699898,-0.24375413826354,-0.00192334470533939,-0.741561437419325,-0.00585129866719347,BTC,0,
309,7/25/2022 4:00:00 AM,0.715148943037896,0.00715148943037896,-0.520897825259667,-0.00407821879870751,-0.727822843360773,-0.00571913995038797,BTC,0,
310,7/26/2022 4:00:00 AM,-0.0367301562425801,-0.000367301562425801,-0.256794903493475,-0.00201524787630103,-1.12968877772921,-0.00886545207567846,BTC,0,
311,7/27/2022 4:00:00 AM,0.995312080331757,0.00995312080331757,-0.597870474466074,-0.00464320872085122,-0.785747636193065,-0.00612191578364818,BTC,0,
312,7/28/2022 4:00:00 AM,1.42006446411385,0.0142006446411385,-0.00996520681175639,-7.68952846890159E-05,-1.00832185895024,-0.00778101539082277,BTC,0,
313,7/29/2022 4:00:00 AM,-0.687667609528013,-0.00687667609528013,-0.845508718718648,-0.00651682722501201,-1.89493023377078,-0.0146053289144675,BTC,0,
314,7/30/2022 4:00:00 AM,-0.150008995898069,-0.00150008995898069,-1.06825161998355,-0.0082290230440708,-1.59708297678765,-0.0123027500014287,BTC,0,
315,7/31/2022 4:00:00 AM,-1.35537303377734,-0.0135537303377734,-1.49482884856769,-0.0115980407494817,-3.08803264218863,-0.0239593505665553,BTC,0,
316,8/1/2022 4:00:00 AM,-2.07011122429883,-0.0207011122429883,-2.10820234896688,-0.0165440569589829,-2.26973888019803,-0.017811710215775,BTC,0,
317,8/2/2022 4:00:00 AM,1.51175995875756,0.0151175995875756,-0.137848252766553,-0.00108566728066783,-0.934430007027728,-0.00735939748487291,BTC,0,
318,8/3/2022 4:00:00 AM,-0.314841624259536,-0.00314841624259536,-0.628586595512672,-0.00494378271127283,-1.34348406398468,-0.0105663934544784,BTC,0,
319,8/4/2022 4:00:00 AM,-0.591938675187659,-0.00591938675187659,-0.623354524569557,-0.00492576774806297,-0.979212805506602,-0.0077377714699115,BTC,0,
320,8/5/2022 4:00:00 AM,-0.34250692056666,-0.00342506920566659,-0.782111108908683,-0.00618925425046402,-1.07897745204122,-0.00853851288536123,BTC,0,
321,8/6/2022 4:00:00 AM,-0.136104380376686,-0.00136104380376686,-0.215174064307988,-0.00171231141092254,-0.452410840476439,-0.00360223452597386,BTC,0,
322,8/7/2022 4:00:00 AM,-0.181682877292626,-0.00181682877292626,-0.517322323940071,-0.00411280307359163,-0.873033637157036,-0.0069407703091201,BTC,0,
323,8/8/2022 4:00:00 AM,-0.212356620862671,-0.00212356620862671,-1.0854158845575,-0.00860491021302401,-1.51005993833301,-0.011971383845131,BTC,0,
324,8/9/2022 4:00:00 AM,-0.304956093504323,-0.00304956093504323,-0.53389691085647,-0.0042615389404641,-0.834311273983342,-0.00665943164354443,BTC,0,
325,8/10/2022 4:00:00 AM,1.72191846469889,0.0172191846469889,-0.361176518081177,-0.00284767990582491,-0.559950871599792,-0.00443070265774115,BTC,0,
326,8/11/2022 4:00:00 AM,0.628584772469566,0.00628584772469565,-0.583667174989085,-0.00457122329488691,-0.666463529965522,-0.00521967611666341,BTC,0,
327,8/12/2022 4:00:00 AM,-0.325785465892842,-0.00325785465892842,-0.724761418475524,-0.00568448189244875,-0.959220287823722,-0.0075234004156467,BTC,0,
328,8/13/2022 4:00:00 AM,-0.924984856219474,-0.00924984856219474,-0.921581322445487,-0.00726970734438714,-1.00008089645759,-0.00788893531247647,BTC,0,
329,8/14/2022 4:00:00 AM,0.628442357061619,0.00628442357061619,-0.606769430280288,-0.00477456526039377,-0.859627392433865,-0.0067736604097024,BTC,0,
330,8/15/2022 4:00:00 AM,-1.06042502874619,-0.0106042502874619,-1.14790345828105,-0.00906971751597396,-1.43158540306234,-0.0113111212551015,BTC,0,
331,8/16/2022 4:00:00 AM,-0.755598683616778,-0.00755598683616778,-1.35683683435686,-0.010767029860885,-1.43301098881761,-0.011371501507688,BTC,0,
332,8/17/2022 4:00:00 AM,0.274244118682468,0.00274244118682468,-0.385333066333768,-0.0030747811272136,-0.635292579110036,-0.0050693433893223,BTC,0,
333,8/18/2022 4:00:00 AM,-0.603406725056178,-0.00603406725056178,-1.38150313098907,-0.0109893200137289,-1.54716887114434,-0.0123071265340616,BTC,0,
334,8/19/2022 4:00:00 AM,-0.218181222313145,-0.00218181222313145,-1.12108671999213,-0.00895188912520906,-1.38573745413419,-0.0110651279912992,BTC,0,
335,8/20/2022 4:00:00 AM,-1.0600396574026,-0.010600396574026,-1.15277520506561,-0.00928113305609968,-2.0145225109811,-0.0162191651822173,BTC,0,
336,8/21/2022 4:00:00 AM,0.169602518091203,0.00169602518091203,-0.547606331658287,-0.00442436036006033,-0.627821778533672,-0.00509719945803344,BTC,0,
337,8/22/2022 4:00:00 AM,-0.568245827266615,-0.00568245827266615,-0.729643167108389,-0.00591357112113267,-1.30694836965596,-0.0105924820295902,BTC,0,
338,8/23/2022 4:00:00 AM,0.180025832142569,0.00180025832142569,-0.710769452462234,-0.00575309040235683,-0.887411440949968,-0.00718286108974597,BTC,0,
339,8/24/2022 4:00:00 AM,0.932492617631357,0.00932492617631357,-0.117767320679512,-0.000950616788365832,-0.538331443682594,-0.00435667736392431,BTC,0,
340,8/25/2022 4:00:00 AM,2.94236156626657,0.0294236156626656,-0.0359256983060945,-0.000283447104547752,-0.957700914294744,-0.00763000483529885,BTC,0,
341,8/26/2022 4:00:00 AM,-0.657704962222933,-0.00657704962222933,-0.96059338388611,-0.00756297406323525,-1.40410546752989,-0.0110548473590512,BTC,0,
342,8/27/2022 4:00:00 AM,0.565603344966377,0.00565603344966376,-0.137395898785055,-0.00108394806786705,-0.626978093711433,-0.00497396160319208,BTC,0,
343,8/28/2022 4:00:00 AM,0.69516411036194,0.0069516411036194,-0.194445560557337,-0.00152497626105286,-0.365154951975551,-0.00286379710481688,BTC,0,
344,8/29/2022 4:00:00 AM,1.17483740879706,0.0117483740879706,0,0,-0.683978554029867,-0.00535730525253098,BTC,0,
345,8/30/2022 4:00:00 AM,0.867224183510249,0.00867224183510248,-0.105840405169268,-0.00081754836164849,-0.898664714944317,-0.00696222404711455,BTC,0,
346,8/31/2022 4:00:00 AM,0.537604670850186,0.00537604670850186,-0.206481792242805,-0.00158711316130455,-0.259648229631846,-0.00200708387561888,BTC,0,
347,9/1/2022 4:00:00 AM,-0.26715060654249,-0.0026715060654249,-0.535943715330642,-0.00411753555096228,-0.912251997496117,-0.0070086278160929,BTC,0,
348,9/2/2022 4:00:00 AM,-0.127226837474865,-0.00127226837474865,-0.454773592647705,-0.00349952665208497,-0.708298354737924,-0.00545042414534691,BTC,0,
349,9/3/2022 4:00:00 AM,1.01199187139881,0.0101199187139881,-0.126887422047982,-0.000971297785765768,-0.364782554103694,-0.00279402697844922,BTC,0,
350,9/4/2022 4:00:00 AM,0.111310090037307,0.00111310090037307,-0.262917532747903,-0.00200877772229746,-0.557438218175477,-0.00426447898074089,BTC,0,
351,9/5/2022 4:00:00 AM,-2.28665471212331,-0.0228665471212331,-2.3904660359782,-0.0182861876841647,-2.52400320899854,-0.019307698039012,BTC,0,
352,9/6/2022 4:00:00 AM,-0.597475983327339,-0.00597475983327339,-1.13259042744323,-0.00878863600865365,-1.33802086767079,-0.0103946320651245,BTC,0,
353,9/7/2022 4:00:00 AM,0.359216258388127,0.00359216258388127,-0.946481820804038,-0.00733462446667332,-1.4817566961704,-0.0114826599713834,BTC,0,
354,9/8/2022 4:00:00 AM,0.764801817782526,0.00764801817782526,-0.60999107462538,-0.00471140015025706,-0.854493198652541,-0.00659986605049534,BTC,0,
355,9/9/2022 4:00:00 AM,1.63451054445187,0.0163451054445187,-0.886252923027183,-0.00674561564201426,-0.938570384955295,-0.0071438241898939,BTC,0,
356,9/10/2022 4:00:00 AM,0.264734287935369,0.00264734287935369,0,0,-0.780543028279872,-0.00597816610323743,BTC,0,
357,9/11/2022 4:00:00 AM,-0.692438682933755,-0.00692438682933755,-0.966798044335615,-0.00737817169958987,-1.39800679625506,-0.0106689646719876,BTC,0,
358,9/12/2022 4:00:00 AM,1.12760438810039,0.0112760438810039,-0.717171114777919,-0.00543670253560591,-1.16282724451837,-0.00881511496834664,BTC,0,
359,9/13/2022 4:00:00 AM,1.05532661080941,0.0105532661080941,-0.824886980767602,-0.00619861907566721,-1.14776108350179,-0.00862485881384878,BTC,0,
360,9/14/2022 4:00:00 AM,2.13721321029422,0.0213721321029422,-0.31683389784952,-0.00235205591836574,-0.990552545581735,-0.00744563604464143,BTC,0,
361,9/15/2022 4:00:00 AM,-1.67608533199553,-0.0167608533199553,-1.9447763222698,-0.0144424510065235,-2.0915725052684,-0.0155326003756949,BTC,0,
362,9/16/2022 4:00:00 AM,-0.456230633580716,-0.00456230633580716,-0.747534658571922,-0.00562041461565499,-1.19299105184431,-0.00896962337096252,BTC,0,
363,9/17/2022 4:00:00 AM,-0.00876726207408751,-8.76726207408751E-05,-0.435909808785844,-0.00328534586924412,-0.722825127592778,-0.00546539005644786,BTC,0,
364,9/18/2022 4:00:00 AM,-1.62100721412225,-0.0162100721412225,-2.13271818331359,-0.0160645989535676,-2.89454782866215,-0.0218030447638098,BTC,0,
365,9/19/2022 4:00:00 AM,1.14516747495293,0.0114516747495293,-0.0189190618582487,-0.000143554336747398,-0.583060994328672,-0.00443960860312542,BTC,0,
366,9/20/2022 4:00:00 AM,-0.685151023753292,-0.00685151023753292,-1.20572142109946,-0.00911409854562462,-1.22231260819573,-0.0092395120213562,BTC,0,
367,9/21/2022 4:00:00 AM,-1.37343389415406,-0.0137343389415406,-1.49942064435076,-0.0114274513412771,-1.59937296420271,-0.0121892124093665,BTC,0,
368,9/22/2022 4:00:00 AM,-3.37033298983441,-0.0337033298983441,-3.4375581746005,-0.0264875863019949,-3.51965211236092,-0.0271201487637349,BTC,0,
369,9/23/2022 4:00:00 AM,1.37812373681701,0.0137812373681701,-0.48163576996285,-0.00375684563115875,-0.94841215297809,-0.00747178071112253,BTC,0,
370,9/24/2022 4:00:00 AM,0.294855451165311,0.00294855451165311,-0.663053828420757,-0.00515279637975441,-0.774372100136912,-0.00603482646778186,BTC,0,
371,9/25/2022 4:00:00 AM,-0.902910599652227,-0.00902910599652226,-0.960919384721233,-0.00750288023011947,-1.11385532091623,-0.00869700746950819,BTC,0,
372,9/26/2022 4:00:00 AM,-1.16420640315822,-0.0116420640315822,-1.23797816502119,-0.0097335846986546,-1.83957532152062,-0.014463633291359,BTC,0,
373,9/27/2022 4:00:00 AM,-0.720843906573485,-0.00720843906573485,-1.09255677128666,-0.00864912031835308,-1.219795027816,-0.00965638970585025,BTC,0,
374,9/28/2022 4:00:00 AM,0.350529975990501,0.00350529975990501,-0.444359267361346,-0.00352603623817827,-0.963837024632205,-0.00764814537734726,BTC,0,
375,9/29/2022 4:00:00 AM,0.793126815985076,0.00793126815985075,-0.319236200060697,-0.00251981517179867,-0.470507002091608,-0.00371383534224035,BTC,0,
376,9/30/2022 4:00:00 AM,0.164752923513777,0.00164752923513777,-0.535592969907057,-0.0042148967327571,-1.50456154364601,-0.0118402815026604,BTC,0,
377,10/1/2022 4:00:00 AM,0.0316621006100846,0.000316621006100845,-0.344074900084834,-0.00271113878470031,-0.496383500271484,-0.0039229517369932,BTC,0,
378,10/2/2022 4:00:00 AM,0.0749031373702813,0.000749031373702813,-0.0598919088644294,-0.000472697890726237,-0.692222730422262,-0.00546337945788355,BTC,0,
379,10/3/2022 4:00:00 AM,0.0647817190423794,0.000647817190423794,-0.23318150211491,-0.00183693732704904,-0.5292328608137,-0.00416950744748223,BTC,0,
380,10/4/2022 4:00:00 AM,0.495152858363031,0.00495152858363031,-0.171038565843979,-0.0013428125036733,-0.337033879588507,-0.00265835705884998,BTC,0,
381,10/5/2022 4:00:00 AM,-0.303696902997991,-0.00303696902997991,-0.300741266870773,-0.00236432957239607,-0.657450002095075,-0.0051686570935181,BTC,0,
382,10/6/2022 4:00:00 AM,-0.265643194647055,-0.00265643194647055,-0.342282558376493,-0.00269566289437095,-0.682369089118637,-0.0053772429730844,BTC,0,
383,10/7/2022 4:00:00 AM,-0.112357679972366,-0.00112357679972366,-0.636881465497488,-0.00500860228534539,-0.708434416633146,-0.00557131339250772,BTC,0,
384,10/8/2022 4:00:00 AM,-0.38117974144135,-0.0038117974144135,-0.578790171574184,-0.00456753591418613,-0.667426187908141,-0.00526700907005295,BTC,0,
385,10/9/2022 4:00:00 AM,0.0303710473327108,0.000303710473327108,-0.249594408578798,-0.00197433584347062,-0.451322137420586,-0.00357435603273759,BTC,0,
386,10/10/2022 4:00:00 AM,-1.17524829883841,-0.0117524829883841,-1.26306199182013,-0.0100038454391629,-1.58867905156328,-0.0125828342450338,BTC,0,
387,10/11/2022 4:00:00 AM,-0.684817114562129,-0.00684817114562129,-0.798883821496467,-0.00638552016102512,-0.940230339844717,-0.00751531027357577,BTC,0,
388,10/12/2022 4:00:00 AM,1.08630950613181,0.0108630950613181,-0.0691322211056224,-0.000551007095907385,-0.55285861359404,-0.004444312185101,BTC,0,
389,10/13/2022 4:00:00 AM,1.13016397770131,0.0113016397770131,-0.0492604409706132,-0.000389178316818062,-0.763719169876712,-0.00603729535463204,BTC,0,
390,10/14/2022 4:00:00 AM,0.16540126339159,0.0016540126339159,-0.67311078574857,-0.00528490626030909,-0.730462986276418,-0.00573520509674064,BTC,0,
391,10/15/2022 4:00:00 AM,0.226611533667288,0.00226611533667288,-0.18884327604497,-0.00148570204955678,-0.509757020177936,-0.00401045282371615,BTC,0,
392,10/16/2022 4:00:00 AM,0.27751001885375,0.0027751001885375,-0.273580877027342,-0.0021462483834771,-0.507229459523039,-0.00398202803886438,BTC,0,
393,10/17/2022 4:00:00 AM,0.902987092966207,0.00902987092966206,-0.0684570049194093,-0.000534122616281385,-0.552421656900336,-0.00431502990099264,BTC,0,
394,10/18/2022 4:00:00 AM,-2.38777412635426,-0.0238777412635426,-2.39216207631422,-0.0186737193163161,-2.45582512178005,-0.0191706864129948,BTC,0,
395,10/19/2022 4:00:00 AM,-0.440514709960816,-0.00440514709960815,-0.834242888860061,-0.00661547785101135,-1.17060410051066,-0.00928279473836824,BTC,0,
396,10/20/2022 4:00:00 AM,0.308020682734909,0.00308020682734909,-0.148748161161276,-0.00118310217248885,-0.728678250664874,-0.00579891070121197,BTC,0,
397,10/21/2022 4:00:00 AM,-0.572918951186086,-0.00572918951186086,-0.984125847395887,-0.00781116171254659,-1.15678879731172,-0.00918161471622159,BTC,0,
398,10/22/2022 4:00:00 AM,0.746981940750821,0.00746981940750821,-0.188349600917082,-0.0014955396257933,-0.50187128031514,-0.00398497465938019,BTC,0,
399,10/23/2022 4:00:00 AM,-0.57395705492257,-0.00573957054922569,-0.94903378771555,-0.00752439284853312,-1.05519045837844,-0.00836605360276477,BTC,0,
400,10/24/2022 4:00:00 AM,0.849413104282707,0.00849413104282707,-0.02919362437434,-0.000231590303572671,-0.380355731067862,-0.00302511984506781,BTC,0,
401,10/25/2022 4:00:00 AM,-1.18449186865887,-0.0118449186865887,-1.20093580547984,-0.00952787557968637,-2.2743242907507,-0.0180438277976674,BTC,0,
402,10/26/2022 4:00:00 AM,-0.808313530478262,-0.00808313530478262,-0.963786627672924,-0.00771035569288381,-0.9850476736983,-0.00788044544361444,BTC,0,
403,10/27/2022 4:00:00 AM,-2.64006262331896,-0.0264006262331896,-2.6507658831047,-0.0213692340512345,-2.77306819784901,-0.0223551780779919,BTC,0,
404,10/28/2022 4:00:00 AM,-1.22633038279566,-0.0122633038279566,-1.44439366829641,-0.0118769483244699,-1.77780540655821,-0.0146185236117513,BTC,0,
405,10/29/2022 4:00:00 AM,-1.19580326803693,-0.0119580326803693,-1.20829986298078,-0.0100539755652436,-1.6886539408049,-0.0140508875148939,BTC,0,
406,10/30/2022 4:00:00 AM,-1.79171718876296,-0.0179171718876295,-2.64211065005687,-0.0220500400642861,-2.9574733660044,-0.0246819360907736,BTC,0,
407,10/31/2022 4:00:00 AM,-0.388985216937751,-0.00388985216937751,-1.15477961291553,-0.00979065891060116,-1.17791045462911,-0.00998677094704492,BTC,0,
408,11/1/2022 4:00:00 AM,-0.54655871964243,-0.0054655871964243,-0.923551475795765,-0.0078821973283133,-1.23027372267499,-0.0104999672504529,BTC,0,
409,11/2/2022 4:00:00 AM,3.15969533160198,0.0315969533160198,-0.150320365128895,-0.00125732436989157,-0.793454514207653,-0.00673074192268042,BTC,0,
410,11/3/2022 4:00:00 AM,1.75670603517279,0.0175670603517279,-0.781638860743392,-0.00640982967428838,-1.72404554639158,-0.0141380359371784,BTC,0,
411,11/4/2022 4:00:00 AM,0.570968503588379,0.00570968503588378,-0.728437013499821,-0.00594829178925049,-1.67523000872285,-0.0136796410963739,BTC,0,
412,11/5/2022 4:00:00 AM,-0.0788819306135693,-0.000788819306135692,-0.533788656405765,-0.00436858434662335,-1.47973700638972,-0.0121103283961874,BTC,0,
413,11/6/2022 4:00:00 AM,-0.0445580264160981,-0.00044558026416098,-1.32954902585345,-0.0108146858091569,-1.80083397719996,-0.0146481651140097,BTC,0,
414,11/7/2022 5:00:00 AM,-0.953768422858136,-0.00953768422858136,-1.50481347862873,-0.0123183093655709,-2.21266877046967,-0.018112768675504,BTC,0,
415,11/8/2022 5:00:00 AM,0.727395824260594,0.00727395824260593,-0.540115405755305,-0.00442995642877941,-2.16174785094666,-0.0177303751895564,BTC,0,
416,11/9/2022 5:00:00 AM,0.902627142936463,0.00902627142936463,-0.32725392099513,-0.00266899468287018,-2.29782671704319,-0.018887014178579,BTC,0,
417,11/10/2022 5:00:00 AM,1.93454869082781,0.0193454869082781,-0.316442581006864,-0.00254095405602017,-1.51360733680106,-0.0123728132807412,BTC,0,
418,11/11/2022 5:00:00 AM,2.70747324875797,0.0270747324875797,0,0,-1.07797188426196,-0.00859286533044445,BTC,0,
419,11/12/2022 5:00:00 AM,1.03521740613764,0.0103521740613764,-0.0137235285814157,-0.000107234430164915,-1.59525777871823,-0.0125682168421899,BTC,0,
420,11/13/2022 5:00:00 AM,-1.85734405209749,-0.0185734405209749,-2.8346200006575,-0.0219839486147563,-3.44637854709922,-0.0267284535030635,BTC,0,
421,11/14/2022 5:00:00 AM,0.439960775333322,0.00439960775333322,-0.370320162476308,-0.00291783438528814,-0.93252754425469,-0.00739238117644769,BTC,0,
422,11/15/2022 5:00:00 AM,0.733721019101598,0.00733721019101597,-0.309775193310831,-0.00242790931465531,-0.977738381642972,-0.00766749038094716,BTC,0,
423,11/16/2022 5:00:00 AM,-0.581143761358369,-0.00581143761358369,-1.25832261653856,-0.00983397360058769,-1.60275640902371,-0.0125257736031711,BTC,0,
424,11/17/2022 5:00:00 AM,-1.00526994115539,-0.0100526994115539,-1.18355302128577,-0.00932837608039039,-1.24195087576757,-0.00978864878393371,BTC,0,
425,11/18/2022 5:00:00 AM,-0.516345078412439,-0.00516345078412438,-0.987553986590196,-0.00782752341550519,-1.00083801442233,-0.00793281491381326,BTC,0,
426,11/19/2022 5:00:00 AM,-1.12690506543465,-0.0112690506543465,-1.34404402428315,-0.0107185773851142,-1.40515681886083,-0.0112059440234583,BTC,0,
427,11/20/2022 5:00:00 AM,0.783195917263843,0.00783195917263842,-0.156374889697087,-0.00125110512670534,-0.523216345203725,-0.00421773900507649,BTC,0,
428,11/21/2022 5:00:00 AM,0.659132255755942,0.00659132255755942,-0.0933984324701918,-0.000743703569978216,-1.13017981146142,-0.00899928123279092,BTC,0,
429,11/22/2022 5:00:00 AM,-1.00520402051224,-0.0100520402051224,-2.9210165528265,-0.0229264806699438,-3.45443004728158,-0.0271131375917878,BTC,0,
430,11/23/2022 5:00:00 AM,0.405537019954231,0.00405537019954231,-0.226732994173126,-0.00181213543986569,-1.0696580499363,-0.00854910979275969,BTC,0,
431,11/24/2022 5:00:00 AM,0.629309213454786,0.00629309213454785,-0.497881275380795,-0.00395082132105518,-0.941667337580284,-0.0075303083444479,BTC,0,
432,11/25/2022 5:00:00 AM,0.0601338547006449,0.000601338547006449,-0.380079826276965,-0.00301741605218753,-0.988077565054674,-0.0078442498114325,BTC,0,
433,11/26/2022 5:00:00 AM,0.837324227934015,0.00837324227934015,-0.0713673721576029,-0.000564210726054615,-0.438058363608672,-0.00346316839073346,BTC,0,
434,11/27/2022 5:00:00 AM,-2.11226427575959,-0.0211226427575959,-2.12250927285908,-0.0167880841603145,-2.31797390490477,-0.0183341206064724,BTC,0,
435,11/28/2022 5:00:00 AM,-0.634967057126925,-0.00634967057126925,-0.827164006755748,-0.00664393036113942,-1.00300856499695,-0.00805634554095624,BTC,0,
436,11/29/2022 5:00:00 AM,0.998564294445348,0.00998564294445347,-0.175772268661493,-0.00140790851004124,-0.77711702285978,-0.00622458638165069,BTC,0,
437,11/30/2022 5:00:00 AM,1.60130669362641,0.0160130669362641,-0.0112577556742686,-8.91469247377152E-05,-0.364215263084898,-0.00289741316609304,BTC,0,
438,12/1/2022 5:00:00 AM,1.34634559159053,0.0134634559159053,-0.0576424777366746,-0.000451475027934078,-0.346212008100906,-0.00274034489422903,BTC,0,
439,12/2/2022 5:00:00 AM,-0.279455384155558,-0.00279455384155557,-0.314762228958998,-0.00246575366473722,-0.800747283819675,-0.00627281601142793,BTC,0,
440,12/3/2022 5:00:00 AM,-1.09944842842393,-0.0109944842842393,-1.47099363099918,-0.0115182029695614,-1.70510963658473,-0.0133513826747148,BTC,0,
441,12/4/2022 5:00:00 AM,0.5490840053189,0.00549084005318899,-0.272242628429609,-0.00214261910843094,-0.564963108006737,-0.00445809366944705,BTC,0,
442,12/5/2022 5:00:00 AM,-0.506576835478008,-0.00506576835478007,-0.983607301427888,-0.00772878427367296,-1.01121443338497,-0.00794570983634557,BTC,0,
443,12/6/2022 5:00:00 AM,0.645044160998221,0.00645044160998221,-0.0381531732953526,-0.000300501379545071,-0.604431046495883,-0.00476510278795739,BTC,0,
444,12/7/2022 5:00:00 AM,-1.02066059415008,-0.0102066059415008,-1.05429021004581,-0.00830407861840721,-2.08920437724298,-0.0164555425377537,BTC,0,
445,12/8/2022 5:00:00 AM,0.446653066696793,0.00446653066696793,-0.0771193403063322,-0.000609976538679891,-1.66173102618947,-0.0131953543298602,BTC,0,
446,12/9/2022 5:00:00 AM,2.19153571623599,0.0219153571623599,-0.31466125575513,-0.00244190192443472,-0.698876456229165,-0.00546139591628958,BTC,0,
447,12/10/2022 5:00:00 AM,1.00143810976816,0.0100143810976816,-0.6194732211532,-0.00475912580706894,-0.641742384282981,-0.00493020947192124,BTC,0,
448,12/11/2022 5:00:00 AM,1.00466563218917,0.0100466563218917,-0.440085744917507,-0.00335967381860569,-0.951130351752084,-0.00726808994842132,BTC,0,
449,12/12/2022 5:00:00 AM,-0.542945901100481,-0.00542945901100481,-1.04681453539115,-0.00798763368373723,-1.07688393620698,-0.00821707581573483,BTC,0,
450,12/13/2022 5:00:00 AM,0.232399026987789,0.00232399026987789,-0.0600741348652001,-0.000461044574771252,-0.976941041122128,-0.00750377324958929,BTC,0,
451,12/14/2022 5:00:00 AM,1.74584208624457,0.0174584208624457,-0.225259640321376,-0.00170378784195924,-0.973124531009944,-0.00736690425978981,BTC,0,
452,12/15/2022 5:00:00 AM,1.57309283609438,0.0157309283609438,-0.0505265115087425,-0.00037816571552618,-0.444782386395971,-0.00334862661344071,BTC,0,
453,12/16/2022 5:00:00 AM,-1.44174222690727,-0.0144174222690727,-1.53716609176811,-0.0115010560859229,-1.94759381502663,-0.0145718708076974,BTC,0,
454,12/17/2022 5:00:00 AM,0.279791660338553,0.00279791660338553,-0.0465457976340389,-0.000351438860216269,-0.617411805139497,-0.0046731444653092,BTC,0,
455,12/18/2022 5:00:00 AM,0.321054300999357,0.00321054300999357,-0.0943548904221601,-0.000710437477374981,-0.735875961287814,-0.00555119894344147,BTC,0,
456,12/19/2022 5:00:00 AM,0.635565841236783,0.00635565841236783,-0.159186001889587,-0.00119229041988,-0.876082348172865,-0.00658462217652478,BTC,0,
457,12/20/2022 5:00:00 AM,-0.941543508477729,-0.00941543508477728,-0.960698205267562,-0.00720310749203878,-1.22696971355219,-0.00919955370764003,BTC,0,
458,12/21/2022 5:00:00 AM,1.03111128793902,0.0103111128793902,-0.25341481493939,-0.00189544737754421,-0.721276650555787,-0.0053948777071573,BTC,0,
459,12/22/2022 5:00:00 AM,-0.432838118767464,-0.00432838118767463,-0.908448989633044,-0.00678358238671617,-1.13747865065508,-0.00849379571985265,BTC,0,
460,12/23/2022 5:00:00 AM,0.388531556158419,0.00388531556158419,-0.0579937532204298,-0.000434550613830464,-0.297500880679927,-0.00222919164799018,BTC,0,
461,12/24/2022 5:00:00 AM,0.33256104593692,0.0033256104593692,0,0,-0.326206545458589,-0.00244041344833001,BTC,0,
462,12/25/2022 5:00:00 AM,-0.604997432554185,-0.00604997432554185,-0.769016146188427,-0.00574340849111765,-1.00055270444425,-0.00747264270977721,BTC,0,
463,12/26/2022 5:00:00 AM,0.426202139256269,0.00426202139256269,-0.000111261280579811,-8.33088798390946E-07,-0.679164941230582,-0.00509948286553796,BTC,0,
464,12/27/2022 5:00:00 AM,-1.5090149588819,-0.015090149588819,-1.73652512253593,-0.0129804417150531,-1.73652512253593,-0.0129804417150531,BTC,0,
465,12/28/2022 5:00:00 AM,0.994720586973401,0.009947205869734,-0.0999486012219819,-0.000750712785278496,-0.691110255651346,-0.0052223733203367,BTC,0,
466,12/29/2022 5:00:00 AM,2.47218264054675,0.0247218264054675,-0.347662544807001,-0.00255901102224498,-0.429962547371993,-0.00319644567542865,BTC,0,
467,12/30/2022 5:00:00 AM,0.0780978417378719,0.000780978417378719,-0.259387517034355,-0.00190939533877399,-0.653531571475582,-0.004814979988637,BTC,0,
468,12/31/2022 5:00:00 AM,0.896035312618828,0.00896035312618828,-0.137240873652424,-0.00100453072351459,-0.47607173090897,-0.00349781934113802,BTC,0,
469,1/1/2023 5:00:00 AM,2.57790062924848,0.0257790062924847,-0.062353411817881,-0.00044818300614502,-0.590706212036245,-0.00425224856577933,BTC,0,
470,1/2/2023 5:00:00 AM,1.87101995136745,0.0187101995136745,-0.588198021351189,-0.00415623746029103,-0.588198021351189,-0.00415623746029103,BTC,0,
471,1/3/2023 5:00:00 AM,-1.68559317436014,-0.0168559317436014,-2.19185906037375,-0.0154967604551963,-2.68833316054818,-0.0190069041235125,BTC,0,
472,1/4/2023 5:00:00 AM,0.650634119574299,0.00650634119574299,-0.242553812462887,-0.0017307822057897,-0.811757504340719,-0.00582572302334738,BTC,0,
473,1/5/2023 5:00:00 AM,-1.05651585613234,-0.0105651585613234,-1.35774102054733,-0.00968432760117488,-1.38958514903102,-0.00991146147114208,BTC,0,
474,1/6/2023 5:00:00 AM,1.00626201047051,0.0100626201047051,-0.496769050081276,-0.00353962483977877,-1.02338103423461,-0.00729188931706293,BTC,0,
475,1/7/2023 5:00:00 AM,-0.12661816910196,-0.0012661816910196,-0.454578265270399,-0.00324290376011582,-1.6087954084859,-0.0114769426477802,BTC,0,
476,1/8/2023 5:00:00 AM,4.39923026994494,0.0439923026994493,-2.63686677145952,-0.0179674698818582,-2.76740197063465,-0.0188569297836959,BTC,0,
477,1/9/2023 5:00:00 AM,-0.436823269548597,-0.00436823269548597,-0.912406046269403,-0.00631001302081757,-2.35156708104424,-0.0162629554696458,BTC,0,
478,1/10/2023 5:00:00 AM,-2.04263845668108,-0.0204263845668107,-2.32077015095484,-0.0161206837809986,-2.9749412658018,-0.0206647295051186,BTC,0,
479,1/11/2023 5:00:00 AM,0.00419973153911002,4.19973153911002E-05,-0.863889430142969,-0.00606197425916533,-1.21384935359026,-0.00851766820986688,BTC,0,
480,1/12/2023 5:00:00 AM,1.17491800291591,0.0117491800291591,-0.563565820782316,-0.00393046029857602,-1.90951920509278,-0.0133175028509845,BTC,0,
481,1/13/2023 5:00:00 AM,3.4284072559153,0.034284072559153,-0.00757215432269476,-5.17730805695837E-05,-2.92883410967671,-0.0202420850334778,BTC,0,
482,1/14/2023 5:00:00 AM,1.996152159114,0.01996152159114,-0.493412909136758,-0.00331731614457331,-2.321235481858,-0.0156367672735257,BTC,0,
483,1/15/2023 5:00:00 AM,-0.595724418975962,-0.00595724418975962,-1.07403486897752,-0.00722168988430016,-1.24761873214439,-0.00841583961352632,BTC,0,
484,1/16/2023 5:00:00 AM,0.342692347961723,0.00342692347961723,-0.808416023160099,-0.00543288308184664,-2.39391085977773,-0.016088050504857,BTC,0,
485,1/17/2023 5:00:00 AM,1.42138915594613,0.0142138915594613,-1.22708276056652,-0.00814576325265914,-1.47032903567666,-0.00976050891840663,BTC,0,
486,1/18/2023 5:00:00 AM,-0.986789218026153,-0.00986789218026153,-2.00303278168224,-0.0133154012402412,-3.52440097296493,-0.0234288792054174,BTC,0,
487,1/19/2023 5:00:00 AM,-1.46579616566417,-0.0146579616566417,-2.03653446918847,-0.0136682479045764,-2.47810114704098,-0.0166318328134503,BTC,0,
488,1/20/2023 5:00:00 AM,2.38806802723555,0.0238806802723555,-1.19097223811768,-0.00791133495903251,-1.9267551142754,-0.0127989592076081,BTC,0,
489,1/21/2023 5:00:00 AM,0.662050910434999,0.00662050910434999,-0.686766037804531,-0.00455723910359063,-1.56467560914042,-0.0103828676403457,BTC,0,
490,1/22/2023 5:00:00 AM,-0.143451871059504,-0.00143451871059504,-1.85678889090006,-0.0122379056679056,-2.7688761052576,-0.0182493792096283,BTC,0,
491,1/23/2023 5:00:00 AM,0.784750984055151,0.00784750984055151,-0.805262181960117,-0.00531674907403012,-0.98031122928645,-0.00647251160843432,BTC,0,
492,1/24/2023 5:00:00 AM,1.315142069122,0.01315142069122,-0.123325554451455,-0.000810867788243685,-0.705725034235194,-0.0046532563360685,BTC,0,
493,1/25/2023 5:00:00 AM,2.74425715032591,0.0274425715032591,-0.000349934407779529,-2.26184237073213E-06,-1.10786027089865,-0.00725119573246191,BTC,0,
494,1/26/2023 5:00:00 AM,-1.13299599905562,-0.0113299599905562,-1.26002436097136,-0.00813765314337445,-1.6265686172996,-0.0105049169138909,BTC,0,
495,1/27/2023 5:00:00 AM,1.94589607499763,0.0194589607499763,-1.24603316830446,-0.00794812560030633,-3.65629371811818,-0.0233225586946125,BTC,0,
496,1/28/2023 5:00:00 AM,-1.60170613015891,-0.0160170613015891,-2.15530059488066,-0.0138091022827472,-2.56942634526004,-0.0164624235217854,BTC,0,
497,1/29/2023 5:00:00 AM,2.81570314497719,0.0281570314497719,-0.528664442633101,-0.0033615657347964,-0.862055476424224,-0.00549800584162452,BTC,0,
498,1/30/2023 5:00:00 AM,0.54111544876362,0.00541115448763619,-1.39620471337683,-0.0087990931503642,-1.57520122222881,-0.00992715620579487,BTC,0,
499,1/31/2023 5:00:00 AM,-1.46130303436748,-0.0146130303436747,-1.79676777152675,-0.011399708500056,-2.96788632814368,-0.0188299453820855,BTC,0,
500,2/1/2023 5:00:00 AM,2.21422426396639,0.0221422426396638,-0.0243999056852573,-0.000154373998430102,-1.30288611576894,-0.00830906267805409,BTC,0,
501,2/2/2023 5:00:00 AM,0.372124701666131,0.00372124701666131,-0.0847326205266299,-0.000534625906933761,-1.90930485245382,-0.0120709254905854,BTC,0,
502,2/3/2023 5:00:00 AM,0.0703192443800802,0.000703192443800802,-1.2649269987016,-0.00791865830932759,-2.31002618693511,-0.0144611571092358,BTC,0,
503,2/4/2023 5:00:00 AM,-1.92563785534453,-0.0192563785534453,-1.96857905418403,-0.0124186405440043,-2.47192285155685,-0.0155939489860718,BTC,0,
504,2/5/2023 5:00:00 AM,-3.32905115362366,-0.0332905115362366,-3.56536665045391,-0.0227403647427656,-3.91648620911484,-0.024979850219316,BTC,0,
505,2/6/2023 5:00:00 AM,-1.24438761422891,-0.0124438761422891,-1.56672260658465,-0.0102038178456607,-2.08450669829883,-0.0135760641725007,BTC,0,
506,2/7/2023 5:00:00 AM,-4.48106664434158,-0.0448106664434158,-4.5623904652405,-0.0300043989171288,-5.17638194365455,-0.0340422920765171,BTC,0,
507,2/8/2023 5:00:00 AM,0.538794531220773,0.00538794531220773,-0.783134744046158,-0.00526240375885845,-1.76524099960911,-0.011861829579466,BTC,0,
508,2/9/2023 5:00:00 AM,1.79258315079672,0.0179258315079672,-1.23884681831403,-0.0082007414991796,-2.31980810835486,-0.0153563348939375,BTC,0,
509,2/10/2023 5:00:00 AM,2.56520016733975,0.0256520016733974,-0.573474219074789,-0.00374905397269076,-1.17025675980001,-0.00765048472706376,BTC,0,
510,2/11/2023 5:00:00 AM,-1.04834579669385,-0.0104834579669385,-1.09131404286659,-0.00715923065609125,-1.82197824028052,-0.0119525287499139,BTC,0,
511,2/12/2023 5:00:00 AM,1.11259175372864,0.0111259175372864,-0.261871303830375,-0.0017147411205144,-1.23280473105924,-0.00813269740621636,BTC,0,
512,2/13/2023 5:00:00 AM,0.055080051592185,0.00055080051592185,-0.677863008754876,-0.00442501785712968,-0.864232223235163,-0.00564889335653385,BTC,0,
513,2/14/2023 5:00:00 AM,0.697826979744313,0.00697826979744313,-0.308148098470795,-0.00200725880921293,-1.6532362269711,-0.0108117620189294,BTC,0,
514,2/15/2023 5:00:00 AM,0.500852804089597,0.00500852804089596,-0.190982733621986,-0.00124094890466298,-1.40966888823925,-0.00917945542782606,BTC,0,
515,2/16/2023 5:00:00 AM,0.828076276123127,0.00828076276123127,-3.15602103525692,-0.0200136182203333,-3.26375941563589,-0.02069683128783,BTC,0,
516,2/17/2023 5:00:00 AM,-0.0171257442825805,-0.000171257442825805,-0.365803503710438,-0.00236175456109522,-1.1614794223036,-0.00749891484203791,BTC,0,
517,2/18/2023 5:00:00 AM,0.215254033161358,0.00215254033161358,-0.0544537219709369,-0.000351790415815012,-1.41021180763612,-0.00911699329975535,BTC,0,
518,2/19/2023 5:00:00 AM,0.194996735814101,0.00194996735814101,-1.96918444056731,-0.012550572861404,-2.22812597310179,-0.0142009335406612,BTC,0,
519,2/20/2023 5:00:00 AM,0.886363624280243,0.00886363624280242,-0.525706192081401,-0.0033625214800993,-0.621172984732567,-0.00397314609468635,BTC,0,
520,2/21/2023 5:00:00 AM,-1.59272766212073,-0.0159272766212073,-2.0018065519402,-0.0128135118081888,-2.30188455183935,-0.0147343033009327,BTC,0,
521,2/22/2023 5:00:00 AM,0.272587259409278,0.00272587259409278,-0.76881287273801,-0.00495159134278567,-1.66409491087311,-0.0107820528814567,BTC,0,
522,2/23/2023 5:00:00 AM,0.268957648979494,0.00268957648979494,-0.27865630855274,-0.00179726528350577,-1.37142916457545,-0.00885114666238196,BTC,0,
523,2/24/2023 5:00:00 AM,0.985031218612292,0.00985031218612291,-0.0458377289291576,-0.000294214772327051,-1.23998927044943,-0.00798267426142185,BTC,0,
524,2/25/2023 5:00:00 AM,-0.85720130791735,-0.0085720130791735,-1.13090964956774,-0.00724827314914089,-1.30039911830941,-0.00833457209955846,BTC,0,
525,2/26/2023 5:00:00 AM,-0.133183426187387,-0.00133183426187386,-0.421324476136455,-0.00271503563658326,-0.733537432818011,-0.00472695127786416,BTC,0,
526,2/27/2023 5:00:00 AM,0.59387010972636,0.0059387010972636,-0.299145616618823,-0.00192186734844824,-0.769028319721585,-0.00496166067050563,BTC,0,
527,2/28/2023 5:00:00 AM,1.3200900567326,0.013200900567326,-0.045374787264933,-0.000289527844914539,-0.571572218758874,-0.00367176313112527,BTC,0,
528,3/1/2023 5:00:00 AM,-0.617165195805036,-0.00617165195805036,-1.09077462018477,-0.00694105804261425,-1.23275858899172,-0.00784456180074422,BTC,0,
529,3/2/2023 5:00:00 AM,-1.01422313084447,-0.0101422313084447,-1.12964229957657,-0.00723328352488184,-1.80876738508589,-0.0115818319938883,BTC,0,
530,3/3/2023 5:00:00 AM,0.455079035329611,0.00455079035329611,-0.332461291576536,-0.00213347722299662,-1.08175140638246,-0.00694183667372938,BTC,0,
531,3/4/2023 5:00:00 AM,0.453856166740159,0.00453856166740159,-0.25220174707183,-0.00161456323785847,-0.703932727210898,-0.00450888934054172,BTC,0,
532,3/5/2023 5:00:00 AM,-0.0935653275995634,-0.000935653275995633,-1.13483956147532,-0.00722858184378317,-1.20960328992905,-0.00770480398867535,BTC,0,
533,3/6/2023 5:00:00 AM,-1.63294388606451,-0.0163294388606451,-1.63289830662721,-0.0104767995712156,-1.9360441947174,-0.0124218066163385,BTC,0,
534,3/7/2023 5:00:00 AM,1.74979663645805,0.0174979663645805,-0.140778059491169,-0.000901751882782076,-1.23831632422468,-0.00796674298762023,BTC,0,
535,3/8/2023 5:00:00 AM,-0.0716490461830332,-0.000716490461830332,-0.673683460821174,-0.00430255773336019,-1.06684826939115,-0.00683453779727339,BTC,0,
536,3/9/2023 5:00:00 AM,0.462270930976416,0.00462270930976416,-0.202543153279287,-0.00129363867115007,-0.94825063858967,-0.00605645600041971,BTC,0,
537,3/10/2023 5:00:00 AM,-0.4533357438808,-0.00453335743880799,-0.759505650526776,-0.00484773737525779,-1.71003253034118,-0.0109147161768866,BTC,0,
538,3/11/2023 5:00:00 AM,-1.42537334449216,-0.0142537334449216,-1.47966654165487,-0.00948704993174565,-2.91090944483787,-0.0186636262107277,BTC,0,
539,3/12/2023 5:00:00 AM,0.846715892916883,0.00846715892916883,-0.419887595768735,-0.0026958396926664,-0.996293711529475,-0.00639658842071222,BTC,0,
540,3/13/2023 4:00:00 AM,-1.03662078731958,-0.0103662078731958,-1.32352812514106,-0.00850482036755185,-1.67192142863846,-0.0107435506273922,BTC,0,
541,3/14/2023 4:00:00 AM,-5.13220441314505,-0.0513220441314504,-6.28667589536674,-0.0404412981745462,-6.5885500220164,-0.0423832117979314,BTC,0,
542,3/15/2023 4:00:00 AM,-0.286289451712449,-0.00286289451712449,-0.768471938851121,-0.00513521784886339,-2.90884757028971,-0.0194405723508284,BTC,0,
543,3/16/2023 4:00:00 AM,1.69753556109019,0.0169753556109019,-0.440952816990887,-0.00291988077853478,-0.817514442231492,-0.00543333687628411,BTC,0,
544,3/17/2023 4:00:00 AM,0.971102764205021,0.00971102764205021,-0.452813868406089,-0.00297903138689293,-0.927934508648413,-0.00610481749592895,BTC,0,
545,3/18/2023 4:00:00 AM,1.62752621766735,0.0162752621766735,-1.05848633112972,-0.00686287914416339,-1.72911956782699,-0.0112110456893093,BTC,0,
546,3/19/2023 4:00:00 AM,0.236780551662676,0.00236780551662676,-0.471778597206736,-0.00306581386684301,-1.04475589826593,-0.00681575191661121,BTC,0,
547,3/20/2023 4:00:00 AM,-1.64784076415197,-0.0164784076415196,-2.46512510084327,-0.0159835230234271,-3.14717031158886,-0.0204058078499624,BTC,0,
548,3/21/2023 4:00:00 AM,-1.14455159805165,-0.0114455159805165,-2.37710676762036,-0.0155369932693163,-3.31818869750402,-0.0216879932200316,BTC,0,
549,3/22/2023 4:00:00 AM,1.83358992073541,0.0183358992073541,-0.348413943509435,-0.00228017398670244,-1.05519582463009,-0.00690566527264547,BTC,0,
550,3/23/2023 4:00:00 AM,1.13602846121917,0.0113602846121917,-0.0584224563143465,-0.000380236922703392,-1.27364859763593,-0.00832265355071893,BTC,0,
551,3/24/2023 4:00:00 AM,1.57225646456345,0.0157225646456345,-0.38553318288271,-0.00247856588505624,-1.1919536075285,-0.00766298642856,BTC,0,
552,3/25/2023 4:00:00 AM,0.47223161787133,0.0047223161787133,-1.28266665654107,-0.00817421217438696,-1.28266665654107,-0.00817421217438696,BTC,0,
553,3/26/2023 4:00:00 AM,0.77199541352455,0.0077199541352455,-0.564930282598674,-0.00359895826600365,-0.844277629313517,-0.00540805446052917,BTC,0,
554,3/27/2023 4:00:00 AM,1.72157674153748,0.0172157674153747,-0.224956603412338,-0.00142061013047245,-0.962299049910932,-0.00612028855541047,BTC,0,
555,3/28/2023 4:00:00 AM,-0.754501855204794,-0.00754501855204793,-1.38067429528715,-0.00869697902974675,-1.79928551739435,-0.0113338449674341,BTC,0,
556,3/29/2023 4:00:00 AM,-0.0636306546291365,-0.000636306546291365,-1.06482493911551,-0.00672349005948103,-1.62183031581946,-0.0102405189867498,BTC,0,
557,3/30/2023 4:00:00 AM,-0.997344273593896,-0.00997344273593895,-1.43803330722038,-0.00911591761906727,-1.69979442861229,-0.0107752622298646,BTC,0,
558,3/31/2023 4:00:00 AM,-0.804757540394149,-0.00804757540394149,-0.919948751527208,-0.00588101518885586,-0.966582042158556,-0.00617913080676824,BTC,0,
559,4/1/2023 4:00:00 AM,-0.515801768003655,-0.00515801768003655,-1.68831695526535,-0.0107756134409467,-2.3891873905925,-0.0152488901321036,BTC,0,
560,4/2/2023 4:00:00 AM,0.580659169458968,0.00580659169458968,-0.499094546585773,-0.00319787133793537,-1.14491570514146,-0.00735378702154921,BTC,0,
561,4/3/2023 4:00:00 AM,-1.817435434855,-0.01817435434855,-2.14139955030554,-0.0137361009469199,-2.47700790979921,-0.0158888754275056,BTC,0,
562,4/4/2023 4:00:00 AM,-0.161237098306891,-0.00161237098306891,-0.188959960534078,-0.00122875166884318,-1.29641445409247,-0.00843020616365564,BTC,0,
563,4/5/2023 4:00:00 AM,0.461479107370714,0.00461479107370714,-0.670074318403451,-0.00433075344882117,-0.815714061186732,-0.00527203682742761,BTC,0,
564,4/6/2023 4:00:00 AM,0.652652280571893,0.00652652280571892,-0.326989010060771,-0.00210914089248104,-0.938895516934402,-0.00605605346848037,BTC,0,
565,4/7/2023 4:00:00 AM,0.35716634868384,0.0035716634868384,-0.876898337795787,-0.00562325933096053,-0.93492784670832,-0.00599538339985062,BTC,0,
566,4/8/2023 4:00:00 AM,-0.0309224512231125,-0.000309224512231125,-0.303659637450281,-0.00195484255087663,-0.56454652958768,-0.00363433081608833,BTC,0,
567,4/9/2023 4:00:00 AM,0.748211335413409,0.00748211335413408,-0.253242996594743,-0.00162298916164438,-0.886736378259627,-0.00568293516702578,BTC,0,
568,4/10/2023 4:00:00 AM,0.396943245287318,0.00396943245287318,-0.464716382436166,-0.00296671642346724,-0.829850670631053,-0.00530163918466064,BTC,0,
569,4/11/2023 4:00:00 AM,-0.397700885189359,-0.00397700885189358,-0.860968946846178,-0.0054964155084779,-1.19646118677278,-0.00763819397477605,BTC,0,
570,4/12/2023 4:00:00 AM,-1.27736618846406,-0.0127736618846406,-1.54093764495544,-0.00987498860238001,-2.16600638021714,-0.0138806968519126,BTC,0,
571,4/13/2023 4:00:00 AM,-1.30360607689076,-0.0130360607689076,-1.52897608048388,-0.00988164314969886,-2.05815725299511,-0.0133016963310674,BTC,0,
572,4/14/2023 4:00:00 AM,-0.227247900291864,-0.00227247900291864,-0.583534246121886,-0.00380013369395638,-1.30672458662342,-0.00850974585185127,BTC,0,
573,4/15/2023 4:00:00 AM,3.72343309040265,0.0372343309040265,-0.0184486600905629,-0.000117721395579418,-0.955020865478069,-0.00609582626791261,BTC,0,
574,4/16/2023 4:00:00 AM,-0.840950465903425,-0.00840950465903425,-0.972262816240629,-0.00619957030074547,-1.31379427954409,-0.00837732335403329,BTC,0,
575,4/17/2023 4:00:00 AM,0.575168763257764,0.00575168763257764,-0.0380194642863358,-0.000242984971264959,-0.727010095267765,-0.00465954484836195,BTC,0,
576,4/18/2023 4:00:00 AM,-0.582986602173939,-0.00582986602173939,-1.15014959668808,-0.00732590926824916,-1.75654875979227,-0.0111883852992243,BTC,0,
577,4/19/2023 4:00:00 AM,-0.160997814926368,-0.00160997814926368,-0.942145350381388,-0.00601515838054589,-1.38009029548243,-0.00881123247428928,BTC,0,
578,4/20/2023 4:00:00 AM,1.02797456232327,0.0102797456232327,-0.0916761490465063,-0.000584646854330018,-0.744803203270912,-0.00474983792857919,BTC,0,
579,4/21/2023 4:00:00 AM,-1.02766843048927,-0.0102766843048927,-1.94166508764896,-0.0123179944940017,-2.34881311115855,-0.0149009564804622,BTC,0,
580,4/22/2023 4:00:00 AM,-0.100518717050221,-0.00100518717050221,-0.424841653903172,-0.00272315186581407,-0.789425834855074,-0.00506407925633201,BTC,0,
581,4/23/2023 4:00:00 AM,0.767738901619524,0.00767738901619523,-0.46388473232836,-0.0029581130252001,-0.940109521769386,-0.00600677133494032,BTC,0,
582,4/24/2023 4:00:00 AM,-0.456273420979713,-0.00456273420979713,-0.934746721486519,-0.00596016434838553,-1.50791425275642,-0.00961481496871031,BTC,0,
583,4/25/2023 4:00:00 AM,1.02514351002963,0.0102514351002963,-0.08206961708931,-0.000522720300305091,-0.691778735506063,-0.0044185924654061,BTC,0,
584,4/26/2023 4:00:00 AM,0.968512244879093,0.00968512244879093,-0.662675365327004,-0.00417949431167441,-0.921687165074047,-0.00581308203854736,BTC,0,
